Sample	virus_id	virus_length	provirus	gene_count	viral_genes	host_genes	checkv_quality	miuvig_quality	completeness	completeness_method	kmer_freq	coordinates	genetic_code	virus_score	n_hallmarks	marker_enrichment	taxonomy	Genome type	Host type	RPKM_Aphro18	RPKM_Povisternata	RPKM_Pcaliculata14	RPKM_Characella	RPKM_Paratimea	RPKM_Pcaliculata07	RPKM_Chondrilla	RPKM_Ggar08	RPKM_Phycopsis	RPKM_Bolosoma	RPKM_Gmega17	RPKM_Ggar09	RPKM_Farrea	RPKM_Pcaliculata13	RPKM_Gmega16
Aphro18	Aphro18_contig_1009	21920	No	11	1	1	High-quality	High-quality	100.0	AAI-based (medium-confidence)	1.01		11	0.7878	0	1.2061	Viruses;Duplodnaviria;Heunggongvirae;Uroviricota;Caudoviricetes	dsDNA	Prokaryote	201.75778	0.0	0.0	0.0	0.0	0.0	0.0	0.0	0.0	0.0	0.0	0.0	0.0	0.0	0.0
Aphro18	Aphro18_contig_1058	7231	No	8	2	0	Low-quality	Genome-fragment	2.92	HMM-based (lower-bound)	1.0		11	0.8442	0	0.0	Unclassified	Unknown	Unknown	72.26576	0.0	0.0	0.0	0.0	0.0	3.7309217	0.0	4.7084575	0.0	0.0	0.0	0.0	0.0	0.0
Aphro18	Aphro18_contig_1130	4710	No	1	1	0	Medium-quality	Genome-fragment	74.78	AAI-based (medium-confidence)	1.03		11	0.7177	0	0.0	Unclassified	Unknown	Unknown	217.81978	0.0	0.0	1.9071224	0.0	0.0	0.0	0.0	0.0	0.0	0.0	0.0	14.736624	0.0	0.0
Aphro18	Aphro18_contig_1156	8421	No	10	1	0	Low-quality	Genome-fragment	0.68	HMM-based (lower-bound)	1.42		11	0.8846	1	1.7183	Viruses;Varidnaviria;Bamfordvirae;Preplasmiviricota;Polintoviricetes;Orthopolintovirales;Adintoviridae	dsDNA	Eukaryote	39.566315	0.0	0.0	0.0	0.0	0.0	0.0	0.0	0.0	0.0	0.0	0.0	0.0	0.0	0.0
Aphro18	Aphro18_contig_1368	65083	No	30	7	1	Low-quality	Genome-fragment	5.16	HMM-based (lower-bound)	1.1		11	0.8231	0	3.4366	Viruses;Duplodnaviria;Heunggongvirae;Uroviricota;Caudoviricetes	dsDNA	Prokaryote	12215.698	0.0	0.0	0.0	0.0	0.0	0.0	0.0	0.0	0.0	0.0	0.0	0.0	0.0	0.0
Aphro18	Aphro18_contig_1405	5894	No	5	1	0	Medium-quality	Genome-fragment	54.95	HMM-based (lower-bound)	1.0		11	0.7008	0	0.0	Unclassified	Unknown	Unknown	7.7271247	0.0	0.0	0.0	0.0	0.0	0.0	0.0	0.0	0.0	0.0	0.0	0.0	0.0	0.0
Aphro18	Aphro18_contig_1505	17002	No	20	1	0	High-quality	High-quality	100.0	HMM-based (lower-bound)	1.02		11	0.7169	0	0.0	Unclassified	Unknown	Unknown	56.817154	0.0	0.0	0.0	0.0	0.0	0.0	0.0	0.0	0.0	0.0	0.0	0.0	0.0	0.0
Aphro18	Aphro18_contig_1581	9117	No	18	1	0	Low-quality	Genome-fragment	10.59	HMM-based (lower-bound)	1.0		11	0.7129	0	0.0	Unclassified	Unknown	Unknown	1.3145965	0.0	0.0	0.0	0.0	0.0	0.0	0.0	0.0	0.0	0.0	0.0	0.0	0.0	0.0
Aphro18	Aphro18_contig_1598	11679	No	4	2	0	Low-quality	Genome-fragment	0.95	HMM-based (lower-bound)	1.08		11	0.7005	0	0.0	Unclassified	Unknown	Unknown	207.91136	0.0	0.0	0.0	0.0	0.0	0.0	0.0	0.0	0.0	0.0	0.0	0.0	0.0	0.0
Aphro18	Aphro18_contig_1636	27138	No	27	2	0	High-quality	High-quality	100.0	AAI-based (medium-confidence)	1.02		11	0.786	1	1.7183	Viruses;Varidnaviria;Bamfordvirae;Preplasmiviricota;Tectiliviricetes;Rowavirales;Adenoviridae	dsDNA	Eukaryote	12.3658695	0.0	0.0	0.0	0.0	0.0	0.0	0.0	0.0	0.0	0.0	0.0	0.0	0.0	0.0
Aphro18	Aphro18_contig_1671	15307	No	27	1	0	Low-quality	Genome-fragment	25.7	HMM-based (lower-bound)	1.0		11	0.9564	1	2.8074	Viruses;Duplodnaviria;Heunggongvirae;Uroviricota;Caudoviricetes	dsDNA	Prokaryote	3.4451416	0.0	0.0	0.0	0.0	0.0	0.0	0.0	0.0	0.0	0.0	0.0	0.0	0.0	0.0
Aphro18	Aphro18_contig_2165	20253	No	20	1	0	High-quality	High-quality	100.0	AAI-based (medium-confidence)	1.03		11	0.8905	0	1.7183	Viruses;Riboviria;Pararnavirae;Artverviricota;Revtraviricetes;Ortervirales;Retroviridae	ssRNA-RT	Eukaryote	28.996872	0.0	0.0	0.0	0.0	0.0	0.0	0.0	0.0	0.0	0.0	0.0	0.0	0.0	0.0
Aphro18	Aphro18_contig_2235	16073	No	21	3	0	Low-quality	Genome-fragment	5.07	HMM-based (lower-bound)	1.0		11	0.9247	1	3.0779	Viruses;Varidnaviria;Bamfordvirae;Preplasmiviricota;Polintoviricetes;Orthopolintovirales;Adintoviridae	dsDNA	Eukaryote	52.94267	0.0	0.0	0.0	0.0	0.0	0.0	0.0	0.0	0.0	0.0	0.0	0.0	0.0	0.0
Aphro18	Aphro18_contig_2358	13280	No	21	1	0	Low-quality	Genome-fragment	2.89	HMM-based (lower-bound)	1.0		11	0.9048	1	1.7183	Viruses;Varidnaviria;Bamfordvirae;Preplasmiviricota;Polintoviricetes;Orthopolintovirales;Adintoviridae	dsDNA	Eukaryote	79.419846	0.0	0.0	0.0	0.0	0.0	0.0	0.0	0.0	0.0	0.0	0.0	0.0	0.0	0.0
Aphro18	Aphro18_contig_2365	10927	No	19	2	0	High-quality	High-quality	100.0	HMM-based (lower-bound)	1.0		11	0.9228	1	1.7183	Viruses;Duplodnaviria;Heunggongvirae;Peploviricota;Herviviricetes;Herpesvirales;Herpesviridae	dsDNA	Eukaryote	14.697663	0.0	0.0	0.0	0.0	0.0	0.0	0.0	0.0	0.0	0.0	0.0	0.0	0.0	0.0
Aphro18	Aphro18_contig_2418	14309	No	15	2	0	High-quality	High-quality	100.0	HMM-based (lower-bound)	1.01		11	0.927	1	1.7183	Viruses;Riboviria;Orthornavirae;Pisuviricota;Pisoniviricetes;Nidovirales;Arteriviridae	ssRNA(+)	Eukaryote	43.72257	0.0	0.0	0.0	0.0	0.0	0.0	0.0	0.0	0.0	0.0	0.0	0.0	0.0	0.0
Aphro18	Aphro18_contig_2494	18926	No	32	1	1	Low-quality	Genome-fragment	5.12	HMM-based (lower-bound)	1.0		11	0.966	1	7.2082	Viruses;Duplodnaviria;Heunggongvirae;Uroviricota;Caudoviricetes	dsDNA	Prokaryote	4.306203	0.0	0.0	0.0	0.0	0.0	0.0	0.0	0.0	0.0	0.0	0.0	0.0	0.0	0.0
Aphro18	Aphro18_contig_2574	18461	No	26	1	0	Low-quality	Genome-fragment	7.11	HMM-based (lower-bound)	1.01		11	0.8396	0	3.3968	Viruses;Duplodnaviria;Heunggongvirae;Uroviricota;Caudoviricetes	dsDNA	Prokaryote	2.7267072	0.0	0.0	0.0	0.0	0.0	0.0	0.0	0.0	0.0	0.0	0.0	0.0	0.0	0.0
Aphro18	Aphro18_contig_2664	25276	No	9	2	0	High-quality	High-quality	100.0	AAI-based (medium-confidence)	1.03		11	0.7764	0	1.7183	Viruses;Duplodnaviria;Heunggongvirae;Peploviricota;Herviviricetes;Herpesvirales;Malacoherpesviridae	dsDNA	Eukaryote	266.67447	0.0	0.0	0.0	0.0	0.0	0.0	0.0	0.0	0.0	0.0	0.0	0.0	0.0	0.0
Aphro18	Aphro18_contig_2677	13655	No	20	2	0	Low-quality	Genome-fragment	18.68	HMM-based (lower-bound)	1.02		11	0.71	1	3.3474	Viruses;Varidnaviria;Bamfordvirae;Preplasmiviricota;Polintoviricetes;Orthopolintovirales;Adintoviridae	dsDNA	Eukaryote	10.532561	0.0	0.0	0.0	0.0	0.0	0.0	0.0	0.0	0.0	0.0	0.0	0.0	0.0	0.0
Aphro18	Aphro18_contig_2753	14456	No	5	3	0	Not-determined	Genome-fragment	0.0		1.17		11	0.7145	1	1.1587	Viruses;Duplodnaviria;Heunggongvirae;Uroviricota;Caudoviricetes	dsDNA	Prokaryote	3890.0422	0.0	0.0	13.048802	0.0	0.0	0.0	0.0	0.0	0.0	0.0	0.0	0.0	0.0	0.0
Aphro18	Aphro18_contig_2826	11641	No	21	1	0	Low-quality	Genome-fragment	4.38	HMM-based (lower-bound)	1.0		11	0.9601	0	13.0023	Viruses;Duplodnaviria;Heunggongvirae;Uroviricota;Caudoviricetes	dsDNA	Prokaryote	1.2354791	0.0	0.0	0.0	0.0	0.0	0.0	0.0	0.0	0.7905658	0.0	0.0	7.8257847	0.0	2.8189037
Aphro18	Aphro18_contig_2988	9645	No	8	1	0	High-quality	High-quality	100.0	AAI-based (medium-confidence)	1.02		11	0.7066	0	0.0	Unclassified	Unknown	Unknown	24.604095	0.0	0.0	0.0	0.0	0.0	0.0	0.0	0.0	0.0	0.0	0.0	0.0	0.0	0.0
Aphro18	Aphro18_contig_3236	24387	No	41	5	0	Low-quality	Genome-fragment	26.41	HMM-based (lower-bound)	1.0		11	0.9681	5	13.2694	Viruses;Duplodnaviria;Heunggongvirae;Uroviricota;Caudoviricetes	dsDNA	Prokaryote	3.931661	0.0	0.0	0.0	0.0	0.0	0.0	0.0	0.0	0.0	0.0	0.0	0.0	0.0	0.0
Aphro18	Aphro18_contig_3356	7397	No	12	2	0	Low-quality	Genome-fragment	1.11	HMM-based (lower-bound)	1.0		11	0.7584	0	0.0	Unclassified	Unknown	Unknown	63.838852	0.0	0.0	3.64305	0.0	0.0	3.6471941	0.0	3.9452507	0.0	0.0	0.0	0.0	0.0	0.0
Aphro18	Aphro18_contig_3398	11142	No	9	1	0	Low-quality	Genome-fragment	1.52	AAI-based (high-confidence)	1.22		11	0.8473	0	2.7759	Viruses;Duplodnaviria;Heunggongvirae;Uroviricota;Caudoviricetes	dsDNA	Prokaryote	380.78912	0.0	0.0	0.0	0.0	0.0	0.0	0.0	0.0	0.0	0.0	0.0	0.0	0.0	0.0
Aphro18	Aphro18_contig_3424	13102	No	30	5	1	Low-quality	Genome-fragment	8.76	HMM-based (lower-bound)	1.0		11	0.9778	1	12.0102	Viruses;Duplodnaviria;Heunggongvirae;Uroviricota;Caudoviricetes	dsDNA	Prokaryote	5.122652	0.0	0.0	0.0	0.0	0.0	0.0	0.0	0.0	0.0	0.0	0.0	0.0	0.0	0.0
Aphro18	Aphro18_contig_3434	19055	No	18	1	0	Low-quality	Genome-fragment	8.82	HMM-based (lower-bound)	1.13		11	0.9004	0	3.4366	Unclassified	Unknown	Unknown	3234.7085	0.0	0.0	0.0	0.0	0.0	0.0	0.0	0.0	0.0	0.0	0.0	0.0	0.0	0.0
Aphro18	Aphro18_contig_3480	24396	No	33	2	0	Low-quality	Genome-fragment	32.12	HMM-based (lower-bound)	1.01		11	0.9637	1	4.8305	Viruses;Duplodnaviria;Heunggongvirae;Uroviricota;Caudoviricetes	dsDNA	Prokaryote	6.0918264	0.0	0.0	0.0	0.0	0.0	0.0	0.0	0.0	0.0	0.0	0.0	0.0	0.0	0.0
Aphro18	Aphro18_contig_3501	74869	No	129	13	3	Medium-quality	Genome-fragment	64.36	HMM-based (lower-bound)	1.0		11	0.9699	6	36.8823	Viruses;Duplodnaviria;Heunggongvirae;Uroviricota;Caudoviricetes	dsDNA	Prokaryote	5.4107704	0.0	0.0	0.0	0.0	0.0	0.0	0.0	0.0	0.0	0.0	0.0	0.0	0.0	0.0
Aphro18	Aphro18_contig_3503	83116	No	202	5	2	Medium-quality	Genome-fragment	64.29	HMM-based (lower-bound)	1.0		11	0.9641	2	15.4511	Viruses;Duplodnaviria;Heunggongvirae;Uroviricota;Caudoviricetes	dsDNA	Prokaryote	43.63437	0.0	0.0	0.0	0.0	0.0	0.0	0.0	0.0	0.0	0.0	0.0	0.0	0.0	0.0
Aphro18	Aphro18_contig_3527	22777	No	20	3	0	High-quality	High-quality	100.0	AAI-based (medium-confidence)	1.0		11	0.9114	0	1.7183	Viruses;Duplodnaviria;Heunggongvirae;Uroviricota;Caudoviricetes	dsDNA	Prokaryote	12.628716	0.0	0.0	0.0	0.0	0.0	0.0	0.0	0.0	0.0	0.0	0.0	0.0	0.0	0.0
Aphro18	Aphro18_contig_3534	38533	No	62	4	0	Low-quality	Genome-fragment	27.26	HMM-based (lower-bound)	1.0		11	0.9657	3	11.3567	Viruses;Duplodnaviria;Heunggongvirae;Uroviricota;Caudoviricetes	dsDNA	Prokaryote	11.570565	0.0	0.0	0.0	0.0	0.0	0.0	0.0	0.0	0.0	0.0	0.0	0.0	0.0	0.0
Aphro18	Aphro18_contig_649	6441	No	1	1	0	Not-determined	Genome-fragment	0.0		1.02		11	0.7356	0	0.0	Unclassified	Unknown	Unknown	1576.8108	0.0	0.0	6.2756495	0.0	0.0	4.8866134	0.0	6.0410953	0.0	0.0	0.0	14.143762	0.0	0.0
Aphro18	Aphro18_contig_761	19496	No	23	1	0	Low-quality	Genome-fragment	4.24	HMM-based (lower-bound)	1.0		11	0.799	1	1.7183	Viruses;Varidnaviria;Bamfordvirae;Nucleocytoviricota;Megaviricetes;Imitervirales;Mimiviridae	dsDNA	Eukaryote	17.581865	0.0	0.0	0.0	0.0	0.0	0.0	0.0	0.0	0.0	0.0	0.0	0.0	0.0	0.0
Aphro18	Aphro18_contig_765	77240	No	54	5	0	High-quality	High-quality	100.0	HMM-based (lower-bound)	1.07		11	0.7445	0	1.7183	Viruses;Duplodnaviria;Heunggongvirae;Peploviricota;Herviviricetes;Herpesvirales;Malacoherpesviridae	dsDNA	Eukaryote	90.95949	0.0	0.0	0.0	0.0	0.0	0.0	0.0	0.0	0.0	0.0	0.0	0.0	0.0	0.0
Aphro18	Aphro18_contig_777	24246	No	13	1	0	High-quality	High-quality	100.0	AAI-based (medium-confidence)	1.05		11	0.701	0	0.0	Unclassified	Unknown	Unknown	63.56899	0.0	0.0	0.0	0.0	0.0	0.0	0.0	0.0	0.0	0.0	0.0	0.0	0.0	0.0
Aphro18	Aphro18_contig_877	17742	No	19	1	0	High-quality	High-quality	100.0	HMM-based (lower-bound)	1.0		11	0.784	0	0.0	Unclassified	Unknown	Unknown	26.885923	0.0	0.0	0.0	0.0	0.0	0.0	0.0	0.0	0.0	0.0	0.0	0.0	0.0	0.0
Bolosoma	Bolosoma_contig_10075_99_43489	43391	Yes	62	5	2	Medium-quality	Genome-fragment	60.63	HMM-based (lower-bound)	1.01	99-43489	11	0.9158	7	17.6132	Viruses;Duplodnaviria;Heunggongvirae;Uroviricota;Caudoviricetes	dsDNA	Prokaryote	0.0	0.0	0.0	0.0	0.0	0.0	0.0	0.0	0.0	244.7566	0.0	0.0	0.0	0.0	0.0
Bolosoma	Bolosoma_contig_10106_208597_234783	26187	Yes	37	7	0	Low-quality	Genome-fragment	35.08	HMM-based (lower-bound)	1.0	208597-234783	11	0.8399	5	16.5883	Viruses;Duplodnaviria;Heunggongvirae;Uroviricota;Caudoviricetes	dsDNA	Prokaryote	0.0	42.93886	33.9651	33.78703	42.22576	44.105988	48.076797	57.192158	72.43656	107.71422	72.93772	49.284325	0.0	54.150227	72.36637
Bolosoma	Bolosoma_contig_10148_2_5800	5799	Yes	7	3	0	Low-quality	Genome-fragment	13.27	AAI-based (medium-confidence)	1.0	2-5800	11	0.7535	2	7.3587	Viruses;Duplodnaviria;Heunggongvirae;Uroviricota;Caudoviricetes	dsDNA	Prokaryote	0.0	3.0140266	0.0	0.0	0.0	0.0	0.0	5.217518	40.259384	83.31717	0.0	0.0	0.0	11.235182	35.366936
Bolosoma	Bolosoma_contig_10173_45551_64397	18847	Yes	21	6	1	Low-quality	Genome-fragment	22.17	HMM-based (lower-bound)	1.0	45551-64397	11	0.8314	5	13.1783	Viruses;Duplodnaviria;Heunggongvirae;Uroviricota;Caudoviricetes	dsDNA	Prokaryote	0.0	7.1099176	0.0	0.0	0.0	5.9132867	7.8729043	4.615435	14.709965	47.36503	12.931848	11.7588825	0.0	7.1172156	13.928947
Bolosoma	Bolosoma_contig_124_15547_33489	17943	Yes	26	8	0	Low-quality	Genome-fragment	22.01	HMM-based (lower-bound)	1.0	15547-33489	11	0.9459	2	17.2398	Viruses;Duplodnaviria;Heunggongvirae;Uroviricota;Caudoviricetes	dsDNA	Prokaryote	0.0	3.8964145	2.109384	0.0	0.0	0.0	15.53674	6.3234377	54.75646	68.72868	0.0	11.382584	0.0	2.5631292	0.0
Bolosoma	Bolosoma_contig_12902	11793	No	14	1	0	Low-quality	Genome-fragment	17.18	HMM-based (lower-bound)	1.0		11	0.7628	1	6.3032	Viruses;Duplodnaviria;Heunggongvirae;Uroviricota;Caudoviricetes	dsDNA	Prokaryote	0.0	181.8036	48.783173	25.897278	0.0	274.05948	114.001396	162.59631	131.97894	121.73868	152.6831	80.32861	0.0	109.19413	119.65054
Bolosoma	Bolosoma_contig_13010	8750	No	9	5	0	Low-quality	Genome-fragment	12.29	HMM-based (lower-bound)	1.0		11	0.8326	2	4.18	Viruses;Duplodnaviria;Heunggongvirae;Uroviricota;Caudoviricetes	dsDNA	Prokaryote	0.0	0.0	0.0	0.0	0.0	0.0	0.0	0.0	0.0	262.94217	0.0	0.0	0.0	0.0	0.0
Bolosoma	Bolosoma_contig_13878_25714_35249	9536	Yes	15	2	0	Low-quality	Genome-fragment	8.76	HMM-based (lower-bound)	1.0	25714-35249	11	0.9193	2	5.6146	Viruses;Duplodnaviria;Heunggongvirae;Uroviricota;Caudoviricetes	dsDNA	Prokaryote	0.0	9.164399	4.7628374	0.0	0.0	4.2498364	0.0	0.0	0.0	22.196775	20.86414	0.0	0.0	2.8133004	17.205778
Bolosoma	Bolosoma_contig_14472_1_1_24028	24028	Yes	49	2	0	Low-quality	Genome-fragment	13.52	HMM-based (lower-bound)	1.0	1-24028	11	0.7429	0	1.4408	Viruses;Duplodnaviria;Heunggongvirae;Uroviricota;Caudoviricetes	dsDNA	Prokaryote	0.0	0.0	0.0	0.0	0.0	0.0	0.0	0.0	0.0	7.2771993	0.0	0.0	0.0	0.0	0.0
Bolosoma	Bolosoma_contig_15022	10092	No	12	3	0	Low-quality	Genome-fragment	13.33	HMM-based (lower-bound)	1.0		11	0.7608	0	4.9889	Viruses;Duplodnaviria;Heunggongvirae;Uroviricota;Caudoviricetes	dsDNA	Prokaryote	0.0	4.0411015	0.0	3.1152313	0.0	0.0	2.673236	0.0	30.844786	28.26915	8.378734	9.042326	0.0	0.0	9.754714
Bolosoma	Bolosoma_contig_16686_62077_85442	23366	Yes	38	5	2	Medium-quality	Genome-fragment	54.03	HMM-based (lower-bound)	1.0	62077-85442	11	0.7525	6	19.3691	Viruses;Duplodnaviria;Heunggongvirae;Uroviricota;Caudoviricetes	dsDNA	Prokaryote	0.0	0.0	0.0	0.0	0.0	0.0	0.0	0.0	0.0	27.570332	0.0	0.0	0.0	0.0	0.0
Bolosoma	Bolosoma_contig_17836	8077	No	19	2	1	Low-quality	Genome-fragment	3.66	HMM-based (lower-bound)	1.0		11	0.972	1	4.6321	Viruses;Duplodnaviria;Heunggongvirae;Uroviricota;Caudoviricetes	dsDNA	Prokaryote	0.0	0.0	0.0	0.0	0.0	0.0	0.0	0.0	0.0	21.078997	0.0	0.0	0.0	0.0	0.0
Bolosoma	Bolosoma_contig_18580	13965	No	23	6	1	Low-quality	Genome-fragment	33.07	HMM-based (lower-bound)	1.0		11	0.8359	5	12.0682	Viruses;Duplodnaviria;Heunggongvirae;Uroviricota;Caudoviricetes	dsDNA	Prokaryote	0.0	0.0	0.0	25.72874	0.0	0.0	51.194046	0.0	67.21951	22.4061	46.303	51.031815	0.0	0.0	44.64607
Bolosoma	Bolosoma_contig_19941	11255	No	15	2	0	Low-quality	Genome-fragment	13.67	HMM-based (lower-bound)	1.0		11	0.7733	1	1.3504	Viruses;Duplodnaviria;Heunggongvirae;Uroviricota;Caudoviricetes	dsDNA	Prokaryote	0.0	0.0	0.0	0.0	0.0	0.0	0.0	0.0	0.0	34.342514	0.0	0.0	0.0	0.0	0.0
Bolosoma	Bolosoma_contig_21747	8689	No	21	2	1	Low-quality	Genome-fragment	13.38	HMM-based (lower-bound)	1.0		11	0.8913	0	4.8723	Viruses;Duplodnaviria;Heunggongvirae;Uroviricota;Caudoviricetes	dsDNA	Prokaryote	0.0	105.94154	0.0	0.0	0.0	87.452034	168.18097	78.348335	427.66388	355.8752	0.0	145.53293	0.0	0.0	0.0
Bolosoma	Bolosoma_contig_21803	6264	No	8	2	0	Low-quality	Genome-fragment	7.55	HMM-based (lower-bound)	1.0		11	0.949	2	4.2852	Viruses;Duplodnaviria;Heunggongvirae;Uroviricota;Caudoviricetes	dsDNA	Prokaryote	0.0	0.0	0.0	0.0	0.0	0.0	0.0	0.0	0.0	9.549704	0.0	0.0	0.0	0.0	0.0
Bolosoma	Bolosoma_contig_22456	21364	No	42	1	1	Low-quality	Genome-fragment	9.84	HMM-based (lower-bound)	1.0		11	0.9714	0	11.8235	Viruses;Duplodnaviria;Heunggongvirae;Uroviricota;Caudoviricetes	dsDNA	Prokaryote	0.0	0.0	0.0	0.0	0.0	0.0	0.0	0.0	0.0	26.276987	0.0	0.0	0.0	0.0	0.0
Bolosoma	Bolosoma_contig_23057_1_14656	14656	Yes	22	3	0	Low-quality	Genome-fragment	17.89	HMM-based (lower-bound)	1.0	1-14656	11	0.7158	3	7.4195	Viruses;Duplodnaviria;Heunggongvirae;Uroviricota;Caudoviricetes	dsDNA	Prokaryote	0.0	0.0	0.0	0.0	0.0	0.0	0.0	0.0	0.0	20.721766	0.0	0.0	0.0	0.0	0.0
Bolosoma	Bolosoma_contig_23078	9375	No	13	1	0	Low-quality	Genome-fragment	14.02	HMM-based (lower-bound)	1.0		11	0.909	1	3.4018	Viruses;Duplodnaviria;Heunggongvirae;Uroviricota;Caudoviricetes	dsDNA	Prokaryote	0.0	0.0	0.0	0.0	0.0	0.0	0.0	0.0	1.0376185	5.889905	0.0	4.635182	0.0	0.0	7.8755655
Bolosoma	Bolosoma_contig_2341	11626	No	18	5	1	Low-quality	Genome-fragment	11.66	HMM-based (lower-bound)	1.0		11	0.9108	2	8.6083	Viruses;Duplodnaviria;Heunggongvirae;Uroviricota;Caudoviricetes	dsDNA	Prokaryote	0.0	194.43765	137.70853	260.37488	0.0	166.01338	335.70105	320.75516	447.22534	291.69937	296.0619	286.31	0.0	159.22128	279.43155
Bolosoma	Bolosoma_contig_24350	6966	No	14	1	0	Low-quality	Genome-fragment	8.74	HMM-based (lower-bound)	1.0		11	0.9503	0	4.7823	Viruses;Duplodnaviria;Heunggongvirae;Uroviricota;Caudoviricetes	dsDNA	Prokaryote	0.0	0.0	0.0	0.0	0.0	0.0	0.0	0.0	0.0	10.569022	0.0	0.0	0.0	0.0	0.0
Bolosoma	Bolosoma_contig_25213	9594	No	17	2	0	Low-quality	Genome-fragment	12.54	HMM-based (lower-bound)	1.0		11	0.8553	1	2.6994	Viruses;Duplodnaviria;Heunggongvirae;Uroviricota;Caudoviricetes	dsDNA	Prokaryote	0.0	0.0	0.0	0.0	0.0	0.0	0.0	0.0	0.0	18.705236	0.0	0.0	0.0	0.0	0.0
Bolosoma	Bolosoma_contig_25870_3829_17192	9537	Yes	15	5	1	Low-quality	Genome-fragment	19.67	AAI-based (medium-confidence)	1.0	3829-17192	11	0.9411	2	11.6233	Viruses;Duplodnaviria;Heunggongvirae;Uroviricota;Caudoviricetes;Demerecviridae	dsDNA	Prokaryote	0.0	0.0	0.0	0.0	0.0	7.967608	5.1861396	3.569092	9.179937	11.097225	4.6939387	11.846761	0.0	0.0	0.0
Bolosoma	Bolosoma_contig_26677_29204_38377	9174	Yes	13	1	1	Low-quality	Genome-fragment	7.52	HMM-based (lower-bound)	1.0	29204-38377	11	0.8474	5	12.233	Viruses;Duplodnaviria;Heunggongvirae;Uroviricota;Caudoviricetes	dsDNA	Prokaryote	0.0	6.985749	0.0	0.0	0.0	22.639853	9.3123255	9.481917	11.663878	15.548958	17.892124	17.999605	0.0	11.279487	24.144352
Bolosoma	Bolosoma_contig_26707_35310_54800	19491	Yes	37	1	1	Low-quality	Genome-fragment	29.16	HMM-based (lower-bound)	1.0	35310-54800	11	0.866	3	8.3208	Viruses;Duplodnaviria;Heunggongvirae;Uroviricota;Caudoviricetes	dsDNA	Prokaryote	0.0	56.793476	43.497536	0.0	0.0	76.15211	55.134953	42.68896	46.664482	46.036125	48.99749	51.72398	0.0	44.43842	55.97938
Bolosoma	Bolosoma_contig_28988	11147	No	17	1	1	Low-quality	Genome-fragment	16.68	HMM-based (lower-bound)	1.0		11	0.7714	2	2.8478	Viruses;Duplodnaviria;Heunggongvirae;Uroviricota;Caudoviricetes	dsDNA	Prokaryote	0.0	16.202522	0.0	0.0	0.0	0.0	0.0	29.178806	0.0	27.244839	32.127815	0.0	0.0	11.68975	26.494457
Bolosoma	Bolosoma_contig_30014	18945	No	23	8	1	Low-quality	Genome-fragment	27.59	HMM-based (lower-bound)	1.0		11	0.9754	7	17.6585	Viruses;Duplodnaviria;Heunggongvirae;Uroviricota;Caudoviricetes	dsDNA	Prokaryote	0.0	0.0	0.0	0.0	0.0	0.0	0.0	0.0	0.0	25.260214	0.0	0.0	0.0	0.0	0.0
Bolosoma	Bolosoma_contig_30276_16414_51549	35136	Yes	49	6	1	Medium-quality	Genome-fragment	69.66	HMM-based (lower-bound)	1.01	16414-51549	11	0.8413	4	12.4544	Viruses;Duplodnaviria;Heunggongvirae;Uroviricota;Caudoviricetes	dsDNA	Prokaryote	0.0	0.0	0.0	0.0	0.0	0.0	0.0	0.0	0.0	9.036392	0.0	2.8445504	0.0	4.363068	0.0
Bolosoma	Bolosoma_contig_30530	18407	No	34	3	0	Low-quality	Genome-fragment	20.98	HMM-based (lower-bound)	1.0		11	0.9718	1	5.5163	Viruses;Duplodnaviria;Heunggongvirae;Uroviricota;Caudoviricetes	dsDNA	Prokaryote	0.0	0.0	0.0	0.0	0.0	0.0	0.0	0.0	0.0	42.247593	0.0	0.0	0.0	0.0	0.0
Bolosoma	Bolosoma_contig_30550	8028	No	23	1	0	Low-quality	Genome-fragment	4.96	HMM-based (lower-bound)	1.01		11	0.8994	0	4.3659	Viruses;Duplodnaviria;Heunggongvirae;Uroviricota;Caudoviricetes	dsDNA	Prokaryote	0.0	0.0	0.0	0.0	0.0	0.0	0.0	0.0	0.0	5.7317986	0.0	0.0	0.0	0.0	0.0
Bolosoma	Bolosoma_contig_3069	33331	No	49	10	2	Medium-quality	Genome-fragment	54.38	HMM-based (lower-bound)	1.0		11	0.9455	6	24.6088	Viruses;Duplodnaviria;Heunggongvirae;Uroviricota;Caudoviricetes	dsDNA	Prokaryote	0.0	80.05641	0.0	0.0	0.0	69.00109	135.03583	57.755917	263.68707	223.09576	0.0	111.599815	0.0	0.0	0.0
Bolosoma	Bolosoma_contig_30834	22833	No	28	2	0	Low-quality	Genome-fragment	45.1	HMM-based (lower-bound)	1.01		11	0.9188	0	3.1947	Viruses;Duplodnaviria;Heunggongvirae;Uroviricota;Caudoviricetes	dsDNA	Prokaryote	0.0	0.0	0.0	0.0	0.0	0.0	0.0	0.0	0.0	9.87487	0.0	0.0	0.0	0.0	0.0
Bolosoma	Bolosoma_contig_30971	19001	No	34	4	0	Low-quality	Genome-fragment	24.84	HMM-based (lower-bound)	1.01		11	0.8807	2	8.0522	Viruses;Duplodnaviria;Heunggongvirae;Uroviricota;Caudoviricetes	dsDNA	Prokaryote	0.0	0.0	0.0	0.0	0.0	0.0	0.0	0.0	0.0	34.63043	0.0	0.0	0.0	0.0	0.0
Bolosoma	Bolosoma_contig_31026	14161	No	33	6	0	Low-quality	Genome-fragment	20.9	HMM-based (lower-bound)	1.0		11	0.818	0	4.6537	Viruses;Duplodnaviria;Heunggongvirae;Uroviricota;Caudoviricetes	dsDNA	Prokaryote	0.0	6.171295	0.0	0.0	0.0	5.00821	0.0	4.8073487	5.495473	2.924468	3.8637187	0.6137255	0.0	2.977029	2.8965874
Bolosoma	Bolosoma_contig_31323	10527	No	16	2	0	Low-quality	Genome-fragment	15.48	HMM-based (lower-bound)	1.0		11	0.807	2	7.3307	Viruses;Duplodnaviria;Heunggongvirae;Uroviricota;Caudoviricetes	dsDNA	Prokaryote	0.0	656.3856	244.12704	501.73245	376.284	517.3117	1242.517	648.1253	1487.7511	1482.6871	1131.1658	1087.7124	0.0	286.88373	1122.9746
Bolosoma	Bolosoma_contig_33242	8808	No	18	2	0	Low-quality	Genome-fragment	10.68	HMM-based (lower-bound)	1.0		11	0.8379	1	2.5463	Viruses;Duplodnaviria;Heunggongvirae;Uroviricota;Caudoviricetes	dsDNA	Prokaryote	0.0	0.0	0.0	0.0	0.0	0.0	0.0	0.0	0.0	10.970851	0.0	0.0	0.0	0.0	1.8627871
Bolosoma	Bolosoma_contig_33381	43449	No	83	1	0	Medium-quality	Genome-fragment	65.7	HMM-based (lower-bound)	1.0		11	0.9557	1	9.7816	Viruses;Duplodnaviria;Heunggongvirae;Uroviricota;Caudoviricetes	dsDNA	Prokaryote	0.0	0.0	0.0	0.0	0.0	0.0	0.0	0.0	0.0	23.828737	0.0	0.0	0.0	0.0	0.0
Bolosoma	Bolosoma_contig_33382	21006	No	48	4	2	Low-quality	Genome-fragment	23.93	HMM-based (lower-bound)	1.0		11	0.8537	1	1.4167	Viruses;Duplodnaviria;Heunggongvirae;Uroviricota;Caudoviricetes	dsDNA	Prokaryote	0.0	0.0	0.0	0.0	0.0	0.0	0.0	0.0	0.0	24.315205	0.0	0.0	0.0	0.0	0.0
Bolosoma	Bolosoma_contig_33497	18867	No	28	7	0	Low-quality	Genome-fragment	39.61	HMM-based (lower-bound)	1.0		11	0.884	4	12.9704	Viruses;Duplodnaviria;Heunggongvirae;Uroviricota;Caudoviricetes	dsDNA	Prokaryote	0.0	2.7791922	0.0	0.0	0.0	3.22201	0.0	3.6082504	9.538451	5.609489	0.0	0.0	0.0	0.0	3.9133635
Bolosoma	Bolosoma_contig_33587	8331	No	16	2	0	Low-quality	Genome-fragment	10.1	HMM-based (lower-bound)	1.0		11	0.9013	3	4.5313	Viruses;Duplodnaviria;Heunggongvirae;Uroviricota;Caudoviricetes	dsDNA	Prokaryote	0.0	0.0	0.0	0.0	0.0	0.0	0.0	0.0	0.0	16.017662	0.0	0.0	0.0	0.0	0.0
Bolosoma	Bolosoma_contig_33726	19425	No	35	3	1	Low-quality	Genome-fragment	25.01	HMM-based (lower-bound)	1.0		11	0.9533	0	4.6697	Viruses;Duplodnaviria;Heunggongvirae;Uroviricota;Caudoviricetes	dsDNA	Prokaryote	0.0	0.0	0.0	0.0	0.0	0.0	0.0	0.0	0.0	13.739321	0.0	0.0	0.0	0.0	0.0
Bolosoma	Bolosoma_contig_33776	8363	No	9	2	0	Low-quality	Genome-fragment	10.14	HMM-based (lower-bound)	1.0		11	0.9033	4	7.0429	Viruses;Duplodnaviria;Heunggongvirae;Uroviricota;Caudoviricetes	dsDNA	Prokaryote	0.0	0.0	9.05146	0.0	0.0	0.0	0.0	0.0	0.0	61.624615	0.0	0.0	0.0	0.0	3.923814
Bolosoma	Bolosoma_contig_33829	59688	No	67	5	0	Medium-quality	Genome-fragment	65.95	HMM-based (lower-bound)	1.01		11	0.9717	4	10.2924	Viruses;Duplodnaviria;Heunggongvirae;Uroviricota;Caudoviricetes	dsDNA	Prokaryote	0.0	0.0	0.0	0.0	0.0	0.0	5.3485312	0.0	7.822818	122.34555	0.0	3.2761483	0.0	0.0	0.0
Bolosoma	Bolosoma_contig_33887_1_16054	16054	Yes	19	10	1	Low-quality	Genome-fragment	33.35	AAI-based (medium-confidence)	1.02	1-16054	11	0.9171	8	19.4735	Viruses;Duplodnaviria;Heunggongvirae;Uroviricota;Caudoviricetes	dsDNA	Prokaryote	0.0	0.0	0.0	0.0	0.0	34.39471	44.532505	0.0	139.66792	263.40897	58.867702	54.947872	0.0	0.0	49.05672
Bolosoma	Bolosoma_contig_34006	8318	No	14	8	0	Low-quality	Genome-fragment	13.98	HMM-based (lower-bound)	1.0		11	0.8666	7	12.9998	Viruses;Duplodnaviria;Heunggongvirae;Uroviricota;Caudoviricetes	dsDNA	Prokaryote	0.0	4.2025347	0.0	4.859516	9.128688	7.917223	0.0	2.273412	4.677891	34.29818	0.0	0.0	0.0	0.0	0.0
Bolosoma	Bolosoma_contig_34053	16938	No	29	2	0	Low-quality	Genome-fragment	16.46	HMM-based (lower-bound)	1.0		11	0.9089	0	6.4646	Viruses;Duplodnaviria;Heunggongvirae;Uroviricota;Caudoviricetes	dsDNA	Prokaryote	0.0	0.0	0.0	0.0	0.0	0.0	0.0	0.0	0.0	11.681663	0.0	0.0	0.0	0.0	0.0
Bolosoma	Bolosoma_contig_3687	8183	No	12	1	1	Low-quality	Genome-fragment	7.28	HMM-based (lower-bound)	1.02		11	0.7573	2	3.3962	Viruses;Duplodnaviria;Heunggongvirae;Uroviricota;Caudoviricetes	dsDNA	Prokaryote	0.0	7.1197777	0.0	15.91677	0.0	7.4287744	13.187485	18.025158	0.0	19.681301	32.82373	17.524252	0.0	10.30373	19.048098
Bolosoma	Bolosoma_contig_4622	9489	No	23	4	0	Low-quality	Genome-fragment	8.45	HMM-based (lower-bound)	1.02		11	0.9324	2	2.7116	Viruses;Duplodnaviria;Heunggongvirae;Uroviricota;Caudoviricetes	dsDNA	Prokaryote	0.0	490.57486	0.0	0.0	0.0	562.1554	403.2481	383.02753	351.62735	312.29407	357.49557	428.6408	0.0	0.0	0.0
Bolosoma	Bolosoma_contig_4878	7590	No	11	3	0	Low-quality	Genome-fragment	8.7	HMM-based (lower-bound)	1.0		11	0.9268	0	4.5772	Viruses;Duplodnaviria;Heunggongvirae;Uroviricota;Caudoviricetes	dsDNA	Prokaryote	0.0	0.0	0.0	0.0	0.0	4.0045886	0.0	0.0	0.0	8.487594	0.0	0.0	0.0	0.0	0.0
Bolosoma	Bolosoma_contig_6001_27727_37088	9362	Yes	12	4	0	Low-quality	Genome-fragment	12.99	HMM-based (lower-bound)	1.0	27727-37088	11	0.9135	4	7.4392	Viruses;Duplodnaviria;Heunggongvirae;Uroviricota;Caudoviricetes	dsDNA	Prokaryote	0.0	9.957041	0.0	0.0	0.0	9.198748	0.0	0.0	10.3905945	13.762195	2.6564896	0.0	0.0	0.0	3.505112
Bolosoma	Bolosoma_contig_6011	5691	No	10	2	0	Low-quality	Genome-fragment	4.91	HMM-based (lower-bound)	1.0		11	0.8584	1	1.6835	Viruses;Duplodnaviria;Heunggongvirae;Uroviricota;Caudoviricetes	dsDNA	Prokaryote	0.0	0.0	0.0	0.0	0.0	11.571861	0.0	0.0	0.0	12.936885	9.614148	0.0	0.0	0.0	7.207621
Bolosoma	Bolosoma_contig_6662	10110	No	22	1	0	Low-quality	Genome-fragment	9.07	HMM-based (lower-bound)	1.0		11	0.8416	1	3.2157	Viruses;Duplodnaviria;Heunggongvirae;Uroviricota;Caudoviricetes	dsDNA	Prokaryote	0.0	10.949176	0.0	0.0	0.0	10.522443	2.2237303	9.726335	5.292009	6.827134	0.0	4.298203	0.0	4.9280653	8.114455
Bolosoma	Bolosoma_contig_7365	8830	No	18	2	0	Low-quality	Genome-fragment	10.71	HMM-based (lower-bound)	1.0		11	0.9128	2	4.419	Viruses;Duplodnaviria;Heunggongvirae;Uroviricota;Caudoviricetes	dsDNA	Prokaryote	0.0	3.9588542	2.143187	0.0	0.0	8.031854	5.6013827	6.8530884	8.262464	8.859036	6.1963897	3.9370177	0.0	0.43403384	10.219803
Bolosoma	Bolosoma_contig_7452	7531	No	17	2	0	Low-quality	Genome-fragment	14.43	AAI-based (medium-confidence)	1.0		11	0.7458	3	6.2516	Viruses;Duplodnaviria;Heunggongvirae;Uroviricota;Caudoviricetes	dsDNA	Prokaryote	0.0	0.0	0.0	0.0	0.0	4.0359616	1.7911496	0.0	1.2916842	9.165094	0.0	5.770128	0.0	0.0	0.0
Bolosoma	Bolosoma_contig_9153_72521_102501	29981	Yes	43	4	0	Low-quality	Genome-fragment	41.28	HMM-based (lower-bound)	1.04	72521-102501	11	0.8131	6	11.0598	Viruses;Duplodnaviria;Heunggongvirae;Uroviricota;Caudoviricetes	dsDNA	Prokaryote	0.0	26.0398	27.142078	0.0	0.0	25.007141	104.38219	24.72504	145.84534	327.0662	167.8963	110.59017	0.0	56.11807	156.79025
Characella	Characella_contig_11636_1_528_5880	5353	Yes	9	1	0	Low-quality	Genome-fragment	4.72	HMM-based (lower-bound)	1.0	528-5880	11	0.8044	0	1.7183	Viruses;Duplodnaviria;Heunggongvirae;Uroviricota;Caudoviricetes	dsDNA	Prokaryote	0.0	151.28523	8.484666	179.55025	164.01433	130.59613	177.23457	14.130574	111.76012	207.16582	118.93768	220.80542	0.0	6.4436145	130.26636
Characella	Characella_contig_13327_48918_64273	9345	Yes	17	4	0	Low-quality	Genome-fragment	11.17	HMM-based (lower-bound)	1.0	48918-64273	11	0.9643	3	9.1449	Viruses;Duplodnaviria;Heunggongvirae;Uroviricota;Caudoviricetes	dsDNA	Prokaryote	0.0	0.0	0.0	16.821249	0.0	0.0	0.0	8.094272	0.0	0.0	0.0	0.0	0.0	0.0	0.0
Characella	Characella_contig_14685	7388	No	14	2	0	Low-quality	Genome-fragment	12.09	HMM-based (lower-bound)	1.0		11	0.9502	0	6.3713	Viruses;Duplodnaviria;Heunggongvirae;Uroviricota;Caudoviricetes	dsDNA	Prokaryote	0.0	110.40281	48.156143	118.54336	0.0	0.0	84.59627	139.75354	53.32577	28.027472	92.90925	71.75812	0.0	69.51239	74.39752
Characella	Characella_contig_16116	10246	No	18	6	0	Low-quality	Genome-fragment	20.95	HMM-based (lower-bound)	1.0		11	0.9359	3	12.7358	Viruses;Duplodnaviria;Heunggongvirae;Uroviricota;Caudoviricetes	dsDNA	Prokaryote	0.0	0.0	0.0	7.451849	0.0	0.0	0.0	0.0	0.0	0.0	0.0	0.0	0.0	0.0	0.0
Characella	Characella_contig_16561_1_3801_14187	10387	Yes	14	5	0	Low-quality	Genome-fragment	9.68	HMM-based (lower-bound)	1.01	3801-14187	11	0.8933	2	6.4704	Viruses;Duplodnaviria;Heunggongvirae;Uroviricota;Caudoviricetes	dsDNA	Prokaryote	0.0	0.0	0.0	18.59293	0.0	0.0	0.0	0.0	0.0	0.0	0.0	0.0	0.0	0.0	0.0
Characella	Characella_contig_17136_18900_34816	11576	Yes	14	5	0	Low-quality	Genome-fragment	22.27	HMM-based (lower-bound)	1.0	18900-34816	11	0.9331	5	9.7269	Viruses;Duplodnaviria;Heunggongvirae;Uroviricota;Caudoviricetes	dsDNA	Prokaryote	0.0	20.131699	0.0	21.726961	0.0	21.005411	0.0	0.0	0.0	0.0	0.0	10.135457	0.0	0.0	0.0
Characella	Characella_contig_17380_441_61782	61342	Yes	81	1	1	Low-quality	Genome-fragment	45.17	HMM-based (lower-bound)	1.04	441-61782	11	0.8375	1	4.9906	Viruses;Duplodnaviria;Heunggongvirae;Uroviricota;Caudoviricetes	dsDNA	Prokaryote	0.0	0.0	0.0	6958.684	0.0	1233.2115	0.0	0.0	36.315044	0.0	75.73483	0.0	0.0	0.0	66.33371
Characella	Characella_contig_18073	9001	No	14	1	1	Low-quality	Genome-fragment	12.66	HMM-based (lower-bound)	1.0		11	0.7855	1	3.6431	Viruses;Duplodnaviria;Heunggongvirae;Uroviricota;Caudoviricetes	dsDNA	Prokaryote	0.0	287.38968	164.83371	281.92084	221.26921	317.42184	295.7292	234.46092	310.7106	376.2577	281.8293	268.90726	0.0	191.17888	279.80673
Characella	Characella_contig_1864	13576	No	28	4	0	Low-quality	Genome-fragment	21.3	HMM-based (lower-bound)	1.0		11	0.9162	0	5.5901	Viruses;Duplodnaviria;Heunggongvirae;Uroviricota;Caudoviricetes	dsDNA	Prokaryote	0.0	0.0	0.0	6.285666	1.9809026	0.0	0.0	0.0	0.0	4.4062567	4.7629743	3.8410285	0.0	0.0	6.042807
Characella	Characella_contig_21356	8286	No	12	1	0	Low-quality	Genome-fragment	17.61	AAI-based (medium-confidence)	1.0		11	0.7343	0	5.0351	Viruses;Duplodnaviria;Heunggongvirae;Uroviricota;Caudoviricetes	dsDNA	Prokaryote	0.0	8.437529	0.0	21.681261	3.627394	9.781906	0.0	3.1950684	18.783825	0.0	13.206402	4.7199306	0.0	0.0	11.880832
Characella	Characella_contig_22669	10318	No	12	4	0	Low-quality	Genome-fragment	26.88	AAI-based (medium-confidence)	1.04		11	0.726	3	5.203	Viruses;Duplodnaviria;Heunggongvirae;Uroviricota;Caudoviricetes	dsDNA	Prokaryote	0.0	0.0	0.0	10.882133	0.0	0.0	0.0	0.0	0.0	0.0	0.0	0.0	0.0	0.0	0.0
Characella	Characella_contig_22931_17672_30487	12816	Yes	24	4	1	Low-quality	Genome-fragment	18.64	HMM-based (lower-bound)	1.0	17672-30487	11	0.9109	3	8.6204	Viruses;Duplodnaviria;Heunggongvirae;Uroviricota;Caudoviricetes	dsDNA	Prokaryote	0.0	6.3643565	0.0	7.7097397	0.0	10.672341	0.0	7.9677978	7.5902576	0.0	5.433532	0.0	0.0	6.87796	8.321495
Characella	Characella_contig_23785_151589_165829	14241	Yes	16	8	0	Low-quality	Genome-fragment	29.06	HMM-based (lower-bound)	1.0	151589-165829	11	0.8599	5	18.4927	Viruses;Duplodnaviria;Heunggongvirae;Uroviricota;Caudoviricetes	dsDNA	Prokaryote	0.0	0.0	0.0	23.65322	6.664949	0.0	0.0	0.0	0.0	5.816079	0.0	0.0	0.0	0.0	0.0
Characella	Characella_contig_26734	65793	No	100	4	4	High-quality	High-quality	95.18	HMM-based (lower-bound)	1.0		11	0.9664	3	17.2745	Viruses;Duplodnaviria;Heunggongvirae;Uroviricota;Caudoviricetes	dsDNA	Prokaryote	0.0	0.0	0.0	14.608431	0.0	0.0	0.0	0.0	0.0	0.0	4.5360546	0.0	0.0	0.0	3.6160035
Characella	Characella_contig_27268	10410	No	18	3	0	Low-quality	Genome-fragment	12.62	HMM-based (lower-bound)	1.11		11	0.8706	2	4.49	Viruses;Duplodnaviria;Heunggongvirae;Uroviricota;Caudoviricetes	dsDNA	Prokaryote	0.0	0.0	0.0	20.709042	0.0	0.0	0.0	0.0	0.0	0.0	0.0	0.0	0.0	0.0	0.0
Characella	Characella_contig_27921	17420	No	33	3	0	Low-quality	Genome-fragment	29.05	HMM-based (lower-bound)	1.0		11	0.9253	3	11.2746	Viruses;Duplodnaviria;Heunggongvirae;Uroviricota;Caudoviricetes	dsDNA	Prokaryote	0.0	0.0	0.0	1.2891141	0.0	0.0	0.0	0.0	0.0	0.0	0.0	0.0	0.0	0.0	0.0
Characella	Characella_contig_28376	8129	No	15	5	0	Low-quality	Genome-fragment	11.88	HMM-based (lower-bound)	1.0		11	0.9573	5	11.4657	Viruses;Duplodnaviria;Heunggongvirae;Uroviricota;Caudoviricetes	dsDNA	Prokaryote	0.0	0.0	0.0	2.2100005	0.0	0.0	0.0	0.0	2.9916575	0.0	0.0	0.0	0.0	0.0	0.0
Characella	Characella_contig_2898_1_15052_27195	12144	Yes	18	3	0	Low-quality	Genome-fragment	17.49	HMM-based (lower-bound)	1.0	15052-27195	11	0.8066	2	5.5375	Viruses;Duplodnaviria;Heunggongvirae;Uroviricota;Caudoviricetes	dsDNA	Prokaryote	0.0	760.40765	359.97388	630.5683	89.621605	855.5637	326.9356	412.33792	529.87946	253.11217	405.49	268.0144	0.0	390.38422	445.85406
Characella	Characella_contig_29590	12756	No	21	3	1	Low-quality	Genome-fragment	15.25	HMM-based (lower-bound)	1.0		11	0.7721	2	2.9481	Viruses;Duplodnaviria;Heunggongvirae;Uroviricota;Caudoviricetes	dsDNA	Prokaryote	0.0	20.553082	4.7474046	4.2250924	0.0	9.134016	8.459798	10.673701	0.0	5.4109693	7.01883	9.197871	0.0	0.0	7.717511
Characella	Characella_contig_30876	35968	No	47	12	0	Medium-quality	Genome-fragment	78.19	HMM-based (lower-bound)	1.02		11	0.8534	10	26.6358	Viruses;Duplodnaviria;Heunggongvirae;Uroviricota;Caudoviricetes	dsDNA	Prokaryote	0.0	0.0	0.0	11.363041	0.0	0.0	0.0	0.0	0.0	0.0	0.0	0.0	0.0	0.0	1.1404185
Characella	Characella_contig_31194	11998	No	14	4	0	Low-quality	Genome-fragment	22.81	HMM-based (lower-bound)	1.0		11	0.9041	4	5.7981	Viruses;Duplodnaviria;Heunggongvirae;Uroviricota;Caudoviricetes	dsDNA	Prokaryote	0.0	0.0	0.0	151.23141	0.0	0.0	0.0	0.0	0.0	0.0	0.0	0.0	0.0	0.0	0.0
Characella	Characella_contig_31417	7702	No	16	1	0	Low-quality	Genome-fragment	11.52	HMM-based (lower-bound)	1.04		11	0.7479	1	2.5979	Viruses;Duplodnaviria;Heunggongvirae;Uroviricota;Caudoviricetes	dsDNA	Prokaryote	0.0	0.0	0.0	22.158972	0.0	0.0	0.0	0.0	0.0	0.0	0.0	0.0	0.0	0.0	0.0
Characella	Characella_contig_3179_39784_54604	14821	Yes	25	3	1	Low-quality	Genome-fragment	18.2	HMM-based (lower-bound)	1.0	39784-54604	11	0.8638	2	5.6591	Viruses;Duplodnaviria;Heunggongvirae;Uroviricota;Caudoviricetes	dsDNA	Prokaryote	0.0	0.0	0.0	290.9131	0.0	117.5789	0.0	0.0	0.0	0.0	192.63763	0.0	0.0	0.0	150.55734
Characella	Characella_contig_32133	5563	No	14	3	0	Low-quality	Genome-fragment	2.9	HMM-based (lower-bound)	1.0		11	0.9642	0	6.404	Viruses;Duplodnaviria;Heunggongvirae;Uroviricota;Caudoviricetes	dsDNA	Prokaryote	0.0	0.0	0.0	7.2661257	0.0	0.0	0.0	0.0	0.0	0.0	0.0	0.0	0.0	0.0	0.0
Characella	Characella_contig_33413	12547	No	21	5	0	Low-quality	Genome-fragment	28.66	HMM-based (lower-bound)	1.0		11	0.707	5	10.9733	Viruses;Duplodnaviria;Heunggongvirae;Uroviricota;Caudoviricetes	dsDNA	Prokaryote	0.0	0.0	0.0	71.94914	0.0	0.0	0.0	0.0	0.0	0.0	0.0	0.0	0.0	0.0	0.0
Characella	Characella_contig_33415	17088	No	20	7	0	Low-quality	Genome-fragment	21.09	HMM-based (lower-bound)	1.07		11	0.8553	3	13.0553	Viruses;Duplodnaviria;Heunggongvirae;Uroviricota;Caudoviricetes	dsDNA	Prokaryote	0.0	0.0	0.0	26.02037	0.0	0.0	0.0	0.0	0.0	0.0	0.0	0.0	0.0	0.0	0.0
Characella	Characella_contig_33687	11558	No	19	2	0	Low-quality	Genome-fragment	19.08	HMM-based (lower-bound)	1.0		11	0.891	3	4.7568	Viruses;Duplodnaviria;Heunggongvirae;Uroviricota;Caudoviricetes	dsDNA	Prokaryote	0.0	0.0	0.0	11.657571	0.0	0.0	0.0	0.0	0.0	0.0	0.0	0.0	0.0	0.0	0.0
Characella	Characella_contig_33827	38113	No	75	5	1	Low-quality	Genome-fragment	27.54	HMM-based (lower-bound)	1.01		11	0.8449	2	5.9866	Viruses;Duplodnaviria;Heunggongvirae;Uroviricota;Caudoviricetes	dsDNA	Prokaryote	0.0	0.0	0.0	11.312734	0.0	0.0	0.0	0.0	0.0	0.0	0.0	0.0	0.0	0.0	0.0
Characella	Characella_contig_3411_51857_73265	21409	Yes	28	10	2	Low-quality	Genome-fragment	42.39	HMM-based (lower-bound)	1.0	51857-73265	11	0.8816	8	16.9101	Viruses;Duplodnaviria;Heunggongvirae;Uroviricota;Caudoviricetes	dsDNA	Prokaryote	0.0	0.0	3.3589842	18.461025	0.0	5.2056475	0.0	0.0	11.586514	2.3642566	5.575985	0.0	0.0	0.0	0.0
Characella	Characella_contig_34279_4060_33826	29767	Yes	33	6	0	Low-quality	Genome-fragment	33.91	HMM-based (lower-bound)	1.0	4060-33826	11	0.73	3	10.5985	Viruses;Duplodnaviria;Heunggongvirae;Uroviricota;Caudoviricetes	dsDNA	Prokaryote	0.0	0.0	0.0	16.747787	0.0	0.0	0.0	0.0	0.0	0.0	0.0	0.0	0.0	0.0	0.0
Characella	Characella_contig_34510	12354	No	25	5	0	Low-quality	Genome-fragment	16.81	HMM-based (lower-bound)	1.0		11	0.8715	2	5.7354	Viruses;Duplodnaviria;Heunggongvirae;Uroviricota;Caudoviricetes	dsDNA	Prokaryote	0.0	3.772779	0.0	10.906444	0.0	0.0	19.65393	7.04121	8.66152	11.919024	0.0	13.366389	0.0	0.0	3.98432
Characella	Characella_contig_34785	8694	No	16	3	0	Low-quality	Genome-fragment	10.27	HMM-based (lower-bound)	1.0		11	0.7437	1	4.5831	Viruses;Duplodnaviria;Heunggongvirae;Uroviricota;Caudoviricetes	dsDNA	Prokaryote	0.0	0.0	0.0	290.84277	0.0	0.0	0.0	0.0	0.0	0.52927166	0.0	0.0	0.0	0.0	0.0
Characella	Characella_contig_3702	22300	No	27	1	1	Low-quality	Genome-fragment	31.37	HMM-based (lower-bound)	1.0		11	0.7609	1	2.3492	Viruses;Duplodnaviria;Heunggongvirae;Uroviricota;Caudoviricetes	dsDNA	Prokaryote	0.0	1102.7815	619.66614	1579.8005	1469.1335	1044.7369	1312.4194	971.9694	1840.188	1956.1484	1526.7759	1229.5964	5.057867	718.03876	1543.2549
Characella	Characella_contig_3830_99_16849	16751	Yes	29	19	0	Low-quality	Genome-fragment	31.25	HMM-based (lower-bound)	1.0	99-16849	11	0.9694	12	24.3979	Viruses;Duplodnaviria;Heunggongvirae;Uroviricota;Caudoviricetes	dsDNA	Prokaryote	0.0	0.0	4.9708734	28.688808	0.0	0.0	0.0	0.0	0.0	32.414516	3.5632577	0.0	0.0	7.5501833	0.0
Characella	Characella_contig_4660_3_21576	21574	Yes	32	7	2	Low-quality	Genome-fragment	29.46	HMM-based (lower-bound)	1.03	3-21576	11	0.8839	9	12.1499	Viruses;Duplodnaviria;Heunggongvirae;Uroviricota;Caudoviricetes	dsDNA	Prokaryote	0.0	112.34185	75.61315	542.51685	73.83884	139.71233	124.42479	56.27318	261.2954	59.934093	222.02524	82.58312	0.0	66.79462	204.19925
Characella	Characella_contig_4684_37819_50757	12939	Yes	17	2	1	Low-quality	Genome-fragment	19.41	HMM-based (lower-bound)	1.03	37819-50757	11	0.9388	6	12.7355	Viruses;Duplodnaviria;Heunggongvirae;Uroviricota;Caudoviricetes	dsDNA	Prokaryote	0.0	0.0	169.65945	1220.0963	78.24657	260.7486	177.22816	0.0	0.0	150.78685	374.4251	136.3526	0.0	163.79803	355.05682
Characella	Characella_contig_4844_3_39242	39240	Yes	57	13	2	Medium-quality	Genome-fragment	55.59	HMM-based (lower-bound)	1.0	3-39242	11	0.9276	8	26.8759	Viruses;Duplodnaviria;Heunggongvirae;Uroviricota;Caudoviricetes	dsDNA	Prokaryote	0.0	0.0	0.0	395.44724	48.09473	217.78831	149.994	0.0	0.0	0.0	213.46162	0.0	0.0	0.0	210.94669
Characella	Characella_contig_4966_1283547_1297009	13463	Yes	16	11	0	Low-quality	Genome-fragment	27.21	HMM-based (lower-bound)	1.0	1283547-1297009	11	0.832	7	13.8988	Viruses;Duplodnaviria;Heunggongvirae;Uroviricota;Caudoviricetes	dsDNA	Prokaryote	0.0	0.0	0.0	21.016878	0.0	0.0	0.0	0.0	0.0	0.0	0.0	0.0	0.0	0.0	0.0
Characella	Characella_contig_5477	10744	No	14	1	1	Low-quality	Genome-fragment	16.07	HMM-based (lower-bound)	1.0		11	0.8575	2	6.0988	Viruses;Duplodnaviria;Heunggongvirae;Uroviricota;Caudoviricetes	dsDNA	Prokaryote	0.0	0.0	0.0	523.7868	0.0	0.0	0.0	186.21588	0.0	0.0	0.0	0.0	0.0	0.0	0.0
Characella	Characella_contig_6447_3978_16228	12251	Yes	12	2	1	Low-quality	Genome-fragment	14.86	HMM-based (lower-bound)	1.0	3978-16228	11	0.9559	4	5.695	Viruses;Duplodnaviria;Heunggongvirae;Uroviricota;Caudoviricetes	dsDNA	Prokaryote	0.0	0.0	0.0	23.09609	0.0	0.0	0.0	0.0	0.0	0.0	0.0	0.0	0.0	0.0	0.0
Characella	Characella_contig_7297	16393	No	25	8	1	Low-quality	Genome-fragment	23.47	HMM-based (lower-bound)	1.0		11	0.9593	3	15.5292	Viruses;Duplodnaviria;Heunggongvirae;Uroviricota;Caudoviricetes	dsDNA	Prokaryote	0.0	56.86441	19.62507	146.02872	0.0	40.48194	131.10905	55.60139	222.82326	88.98138	137.14713	108.68347	0.0	0.0	116.60254
Characella	Characella_contig_7401_13345_34324	14463	Yes	18	2	2	Low-quality	Genome-fragment	18.4	HMM-based (lower-bound)	1.0	13345-34324	11	0.8989	5	12.3584	Viruses;Duplodnaviria;Heunggongvirae;Uroviricota;Caudoviricetes	dsDNA	Prokaryote	0.0	183.68997	104.41557	195.32675	0.0	184.23656	70.571724	129.7031	90.1271	44.223663	132.40643	58.288307	0.0	87.71097	117.981926
Characella	Characella_contig_7444	6178	No	9	1	0	Low-quality	Genome-fragment	7.11	HMM-based (lower-bound)	1.0		11	0.7663	1	1.4974	Viruses;Duplodnaviria;Heunggongvirae;Uroviricota;Caudoviricetes	dsDNA	Prokaryote	0.0	8.487378	7.9642735	20.355398	0.0	21.319345	6.550249	7.9583397	12.596535	0.0	10.4665165	0.0	0.0	8.684893	23.902048
Characella	Characella_contig_9620	6593	No	8	2	0	Low-quality	Genome-fragment	6.05	HMM-based (lower-bound)	1.0		11	0.7044	2	2.4278	Viruses;Duplodnaviria;Heunggongvirae;Uroviricota;Caudoviricetes	dsDNA	Prokaryote	0.0	0.0	144.66658	279.2996	0.0	374.9602	0.0	0.0	95.90457	264.51752	188.60953	272.2106	0.0	200.5489	207.79924
Chondrilla	Chondrilla_contig_11010	6474	No	17	1	0	Low-quality	Genome-fragment	8.07	HMM-based (lower-bound)	1.0		11	0.8794	1	3.8209	Viruses;Duplodnaviria;Heunggongvirae;Uroviricota;Caudoviricetes	dsDNA	Prokaryote	0.0	331.17236	211.04996	0.0	0.0	252.74251	174.32684	0.0	238.1582	224.60153	346.50586	257.07755	0.0	190.61957	432.10794
Chondrilla	Chondrilla_contig_11295	7626	No	19	1	0	Low-quality	Genome-fragment	6.84	HMM-based (lower-bound)	1.0		11	0.901	1	2.8498	Viruses;Duplodnaviria;Heunggongvirae;Uroviricota;Caudoviricetes	dsDNA	Prokaryote	0.0	9.931744	1.9852443	0.0	0.0	4.649965	5.896122	0.0	0.0	4.827158	3.2612185	4.5585976	0.0	0.0	6.4545355
Chondrilla	Chondrilla_contig_13931	6236	No	15	2	0	Low-quality	Genome-fragment	3.69	HMM-based (lower-bound)	1.0		11	0.85	0	1.2098	Viruses;Duplodnaviria;Heunggongvirae;Uroviricota;Caudoviricetes;Herelleviridae	dsDNA	Prokaryote	0.0	0.0	0.0	0.0	0.0	0.0	7.2103634	0.0	0.0	0.0	0.0	0.0	0.0	0.0	0.0
Chondrilla	Chondrilla_contig_14085	10179	No	17	1	1	Low-quality	Genome-fragment	17.46	HMM-based (lower-bound)	1.0		11	0.8627	2	6.8641	Viruses;Duplodnaviria;Heunggongvirae;Uroviricota;Caudoviricetes	dsDNA	Prokaryote	0.0	0.0	0.0	0.0	0.0	0.0	15.460595	2.972432	0.0	0.0	4.8865414	19.210802	0.0	0.0	15.312956
Chondrilla	Chondrilla_contig_14492_1_63955	63955	Yes	145	5	1	Low-quality	Genome-fragment	33.26	HMM-based (lower-bound)	1.02	1-63955	11	0.9467	1	21.9856	Viruses;Duplodnaviria;Heunggongvirae;Uroviricota;Caudoviricetes	dsDNA	Prokaryote	0.0	329.40704	0.0	0.0	0.0	339.41013	1131.425	0.0	0.0	0.0	552.34814	1005.6001	0.0	0.0	509.11646
Chondrilla	Chondrilla_contig_14779	17982	No	34	11	0	Low-quality	Genome-fragment	27.18	HMM-based (lower-bound)	1.0		11	0.954	8	14.9103	Viruses;Duplodnaviria;Heunggongvirae;Uroviricota;Caudoviricetes	dsDNA	Prokaryote	0.0	5.8319454	0.0	11.738953	0.0	4.22573	13.002552	7.361344	6.4916077	16.889011	6.638653	7.733037	0.0	2.770701	0.0
Chondrilla	Chondrilla_contig_16661	7044	No	12	2	0	Low-quality	Genome-fragment	10.57	HMM-based (lower-bound)	1.0		11	0.9524	3	6.0876	Viruses;Duplodnaviria;Heunggongvirae;Uroviricota;Caudoviricetes	dsDNA	Prokaryote	0.0	0.0	0.0	0.0	0.0	0.0	8.2982645	0.0	0.0	0.0	0.0	6.785962	0.0	0.0	0.0
Chondrilla	Chondrilla_contig_16737_14003_39907	25905	Yes	40	2	2	Medium-quality	Genome-fragment	50.75	HMM-based (lower-bound)	1.0	14003-39907	11	0.7002	3	7.4759	Viruses;Duplodnaviria;Heunggongvirae;Uroviricota;Caudoviricetes	dsDNA	Prokaryote	0.0	202.41275	0.0	0.0	0.0	0.0	332.21683	126.871254	273.937	433.06033	372.6908	322.5773	0.0	0.0	371.47107
Chondrilla	Chondrilla_contig_17138	47030	No	53	5	0	Medium-quality	Genome-fragment	59.1	HMM-based (lower-bound)	1.0		11	0.9761	2	17.2939	Viruses;Duplodnaviria;Heunggongvirae;Uroviricota;Caudoviricetes	dsDNA	Prokaryote	0.0	0.0	0.0	0.0	0.0	0.0	34.035984	0.0	0.0	0.0	0.0	12.566143	0.0	0.0	0.0
Chondrilla	Chondrilla_contig_17817	10222	No	13	2	0	Low-quality	Genome-fragment	19.17	HMM-based (lower-bound)	1.0		11	0.9369	1	3.2336	Viruses;Duplodnaviria;Heunggongvirae;Uroviricota;Caudoviricetes	dsDNA	Prokaryote	0.0	0.0	0.0	0.0	0.0	0.0	3.9588575	0.0	0.0	0.0	0.0	0.0	0.0	0.0	0.0
Chondrilla	Chondrilla_contig_19176_20_15548	15529	Yes	20	2	0	Low-quality	Genome-fragment	39.9	AAI-based (medium-confidence)	1.0	20-15548	11	0.7693	4	4.6527	Viruses;Duplodnaviria;Heunggongvirae;Uroviricota;Caudoviricetes	dsDNA	Prokaryote	0.0	7.1283517	4.6308517	2.0245292	0.0	0.0	9.265519	0.0	4.3849387	8.593159	7.687311	6.4360948	0.0	4.195558	13.735371
Chondrilla	Chondrilla_contig_19261	7449	No	10	1	0	Low-quality	Genome-fragment	11.14	HMM-based (lower-bound)	1.0		11	0.7445	1	1.1844	Viruses;Duplodnaviria;Heunggongvirae;Uroviricota;Caudoviricetes	dsDNA	Prokaryote	0.0	17.989075	0.0	0.0	0.0	0.0	21.126781	5.584982	54.84794	5.5595903	29.380653	25.08468	0.0	0.0	49.55929
Chondrilla	Chondrilla_contig_20027	13028	No	21	1	0	Low-quality	Genome-fragment	20.64	HMM-based (lower-bound)	1.0		11	0.9647	2	3.0508	Viruses;Duplodnaviria;Heunggongvirae;Uroviricota;Caudoviricetes	dsDNA	Prokaryote	0.0	0.0	0.0	0.0	0.0	0.0	8.283174	0.0	6.346732	0.0	9.9266405	3.0019457	0.0	0.0	3.778192
Chondrilla	Chondrilla_contig_222_1_19935	19935	Yes	25	1	1	Low-quality	Genome-fragment	28.04	HMM-based (lower-bound)	1.0	1-19935	11	0.8147	2	11.0995	Viruses;Duplodnaviria;Heunggongvirae;Uroviricota;Caudoviricetes	dsDNA	Prokaryote	0.0	81.53929	65.88158	123.23684	92.05085	83.85832	369.90558	88.40905	308.3968	317.61462	164.17853	324.79407	0.0	70.363785	178.18954
Chondrilla	Chondrilla_contig_22586	5399	No	11	1	0	Low-quality	Genome-fragment	5.92	HMM-based (lower-bound)	1.0		11	0.942	0	2.8289	Viruses;Duplodnaviria;Heunggongvirae;Uroviricota;Caudoviricetes	dsDNA	Prokaryote	0.0	0.0	0.0	0.0	0.0	0.0	5.829724	0.0	1.8017547	0.0	0.0	3.2194726	0.0	0.0	0.0
Chondrilla	Chondrilla_contig_22826_10633_46346	35714	Yes	73	10	0	Medium-quality	Genome-fragment	65.49	HMM-based (lower-bound)	1.0	10633-46346	11	0.8867	12	29.9987	Viruses;Duplodnaviria;Heunggongvirae;Uroviricota;Caudoviricetes	dsDNA	Prokaryote	0.0	0.0	0.0	0.0	0.0	0.0	7.5539837	0.0	7.762746	0.0	0.0	5.597028	0.0	0.0	0.0
Chondrilla	Chondrilla_contig_2423	13591	No	14	1	0	Low-quality	Genome-fragment	19.35	HMM-based (lower-bound)	1.0		11	0.7998	2	6.2773	Viruses;Duplodnaviria;Heunggongvirae;Uroviricota;Caudoviricetes	dsDNA	Prokaryote	0.0	252.48923	130.8872	238.59167	53.541737	203.13911	611.7144	235.6997	627.3494	652.08344	403.30807	582.2327	0.0	131.97107	409.25015
Chondrilla	Chondrilla_contig_24516	7759	No	19	6	0	Low-quality	Genome-fragment	7.09	HMM-based (lower-bound)	1.0		11	0.9774	2	10.2078	Viruses;Duplodnaviria;Heunggongvirae;Uroviricota;Caudoviricetes;Demerecviridae	dsDNA	Prokaryote	0.0	60.82165	0.0	0.0	0.0	0.0	38.24736	0.0	30.089466	29.652586	37.822742	45.92469	0.0	40.00954	0.0
Chondrilla	Chondrilla_contig_24833	10460	No	16	3	0	Low-quality	Genome-fragment	18.49	HMM-based (lower-bound)	1.0		11	0.9074	0	8.1657	Viruses;Duplodnaviria;Heunggongvirae;Uroviricota;Caudoviricetes	dsDNA	Prokaryote	0.0	0.0	0.0	0.0	0.0	2.9058154	16.33485	0.0	13.94982	13.197386	17.594492	21.602783	0.0	0.0	16.470173
Chondrilla	Chondrilla_contig_24965	11253	No	25	2	2	Low-quality	Genome-fragment	10.63	HMM-based (lower-bound)	1.0		11	0.8182	3	6.5877	Viruses;Duplodnaviria;Heunggongvirae;Uroviricota;Caudoviricetes;Demerecviridae	dsDNA	Prokaryote	0.0	166.71187	89.80359	61.065033	0.0	193.12453	140.6493	134.43697	0.0	133.71426	0.0	150.98941	0.0	82.079185	0.0
Chondrilla	Chondrilla_contig_25072	8651	No	16	1	0	Low-quality	Genome-fragment	8.42	HMM-based (lower-bound)	1.0		11	0.7699	3	11.3396	Viruses;Duplodnaviria;Heunggongvirae;Uroviricota;Caudoviricetes	dsDNA	Prokaryote	0.0	0.0	1.7500256	0.0	0.0	3.5134468	10.395059	0.0	8.995652	6.3828297	12.649201	21.097017	0.0	0.0	18.017637
Chondrilla	Chondrilla_contig_25656	79157	No	106	5	1	Medium-quality	Genome-fragment	62.34	HMM-based (lower-bound)	1.0		11	0.9748	3	27.7469	Viruses;Duplodnaviria;Heunggongvirae;Uroviricota;Caudoviricetes	dsDNA	Prokaryote	0.0	0.0	0.0	0.0	0.0	0.0	12.269524	0.0	0.0	0.0	0.0	3.7878945	0.0	0.0	0.0
Chondrilla	Chondrilla_contig_2620	14808	No	21	1	1	Low-quality	Genome-fragment	20.83	HMM-based (lower-bound)	1.0		11	0.8301	1	10.098	Viruses;Duplodnaviria;Heunggongvirae;Uroviricota;Caudoviricetes	dsDNA	Prokaryote	0.0	14.557415	13.291	14.255122	9.5077915	18.815454	39.17027	19.666243	33.17447	34.181774	28.551521	38.44262	0.0	19.928684	37.672375
Chondrilla	Chondrilla_contig_27001	14795	No	21	9	0	Low-quality	Genome-fragment	24.18	HMM-based (lower-bound)	1.0		11	0.9277	9	16.9511	Viruses;Duplodnaviria;Heunggongvirae;Uroviricota;Caudoviricetes	dsDNA	Prokaryote	0.0	0.0	0.0	9.714143	3.7423043	0.0	6.686071	0.0	4.602482	0.0	3.6981494	2.9371295	0.0	0.0	0.0
Chondrilla	Chondrilla_contig_27279	10331	No	21	4	0	Low-quality	Genome-fragment	18.34	HMM-based (lower-bound)	1.0		11	0.9593	4	7.9561	Viruses;Duplodnaviria;Heunggongvirae;Uroviricota;Caudoviricetes	dsDNA	Prokaryote	0.0	0.0	0.0	0.0	0.0	0.0	5.222785	0.0	2.8248012	0.0	0.0	0.0	0.0	0.0	0.0
Chondrilla	Chondrilla_contig_28761	10218	No	18	2	0	Low-quality	Genome-fragment	11.57	HMM-based (lower-bound)	1.0		11	0.9199	2	4.7108	Viruses;Duplodnaviria;Heunggongvirae;Uroviricota;Caudoviricetes	dsDNA	Prokaryote	0.0	0.0	0.0	0.0	3.0963507	10.411225	5.7205887	5.9221735	41.412586	0.0	3.8943126	10.631932	0.0	0.0	4.8172135
Chondrilla	Chondrilla_contig_28951	8259	No	19	2	0	Low-quality	Genome-fragment	10.02	HMM-based (lower-bound)	1.0		11	0.8216	1	1.3504	Viruses;Duplodnaviria;Heunggongvirae;Uroviricota;Caudoviricetes	dsDNA	Prokaryote	0.0	0.0	0.9165439	0.0	0.0	0.0	8.710754	0.0	0.0	0.0	6.6247873	10.5230255	0.0	0.0	2.979918
Chondrilla	Chondrilla_contig_30320	13960	No	24	1	0	Low-quality	Genome-fragment	6.43	HMM-based (lower-bound)	1.0		11	0.9597	0	4.3537	Viruses;Duplodnaviria;Heunggongvirae;Uroviricota;Caudoviricetes	dsDNA	Prokaryote	0.0	0.0	0.0	0.0	0.0	0.0	3.542995	0.0	0.0	0.0	4.2756543	0.0	0.0	0.0	2.9382932
Chondrilla	Chondrilla_contig_30567	9826	No	14	4	0	Low-quality	Genome-fragment	15.36	HMM-based (lower-bound)	1.0		11	0.7473	3	4.4305	Viruses;Duplodnaviria;Heunggongvirae;Uroviricota;Caudoviricetes	dsDNA	Prokaryote	0.0	0.0	0.0	0.0	0.0	0.0	38.89604	0.0	0.0	0.0	0.0	44.224335	0.0	0.0	0.0
Chondrilla	Chondrilla_contig_31331	8603	No	16	2	0	Low-quality	Genome-fragment	7.91	HMM-based (lower-bound)	1.0		11	0.9416	1	4.4632	Viruses;Duplodnaviria;Heunggongvirae;Uroviricota;Caudoviricetes	dsDNA	Prokaryote	0.0	0.0	0.0	0.0	0.0	0.0	372.12888	0.0	0.0	0.0	0.0	385.40088	0.0	0.0	0.0
Chondrilla	Chondrilla_contig_32450	7256	No	11	1	0	Low-quality	Genome-fragment	6.8	HMM-based (lower-bound)	1.0		11	0.783	0	1.1635	Viruses;Duplodnaviria;Heunggongvirae;Uroviricota;Caudoviricetes	dsDNA	Prokaryote	0.0	0.0	0.0	0.0	0.0	0.0	11.1542015	0.0	0.0	0.0	0.0	7.1865764	0.0	0.0	0.0
Chondrilla	Chondrilla_contig_33911	9826	No	16	1	0	Low-quality	Genome-fragment	8.81	HMM-based (lower-bound)	1.08		11	0.8509	2	2.9828	Viruses;Duplodnaviria;Heunggongvirae;Uroviricota;Caudoviricetes	dsDNA	Prokaryote	0.0	0.0	0.0	16.454899	0.0	0.0	62.23367	0.0	9.899933	0.0	15.692483	37.590687	0.0	0.0	20.037569
Chondrilla	Chondrilla_contig_34547	11964	No	19	1	0	Low-quality	Genome-fragment	26.09	HMM-based (lower-bound)	1.0		11	0.7195	0	1.4864	Viruses;Duplodnaviria;Heunggongvirae;Uroviricota;Caudoviricetes	dsDNA	Prokaryote	0.0	0.0	0.0	0.0	0.0	0.0	4.8857384	0.0	1.6261574	0.0	0.0	0.0	0.0	0.0	0.0
Chondrilla	Chondrilla_contig_35682	11223	No	24	1	0	Low-quality	Genome-fragment	9.2	HMM-based (lower-bound)	1.0		11	0.8341	3	4.0871	Viruses;Duplodnaviria;Heunggongvirae;Uroviricota;Caudoviricetes	dsDNA	Prokaryote	0.0	241.91115	123.76785	73.633995	0.0	268.56934	194.71103	229.82774	152.55017	155.39195	154.6761	258.6459	0.0	144.10791	177.62654
Chondrilla	Chondrilla_contig_3696	8136	No	14	2	1	Low-quality	Genome-fragment	9.98	HMM-based (lower-bound)	1.0		11	0.7625	2	4.5525	Viruses;Duplodnaviria;Heunggongvirae;Uroviricota;Caudoviricetes	dsDNA	Prokaryote	0.0	500.5474	726.17737	841.83777	26.832071	1014.9043	539.9417	410.9305	496.78574	264.68738	567.34045	426.75037	0.0	463.52	513.2363
Chondrilla	Chondrilla_contig_37267	20697	No	40	1	0	Low-quality	Genome-fragment	30.96	HMM-based (lower-bound)	1.0		11	0.7119	1	1.7077	Viruses;Duplodnaviria;Heunggongvirae;Uroviricota;Caudoviricetes	dsDNA	Prokaryote	0.0	0.0	0.0	0.0	0.0	0.0	41.27713	0.0	0.0	0.0	15.140488	47.450317	0.0	0.0	0.0
Chondrilla	Chondrilla_contig_37477	27585	No	47	1	1	Low-quality	Genome-fragment	9.82	HMM-based (lower-bound)	1.0		11	0.7727	1	4.6065	Viruses;Duplodnaviria;Heunggongvirae;Uroviricota;Caudoviricetes	dsDNA	Prokaryote	0.0	0.0	0.0	0.0	0.0	0.0	30.318186	0.0	0.0	0.0	0.0	24.10219	0.0	0.0	0.0
Chondrilla	Chondrilla_contig_4714_12721_30925	11946	Yes	17	3	0	Low-quality	Genome-fragment	22.75	HMM-based (lower-bound)	1.0	12721-30925	11	0.8337	3	5.5395	Viruses;Duplodnaviria;Heunggongvirae;Uroviricota;Caudoviricetes	dsDNA	Prokaryote	0.0	451.12634	255.99979	600.03955	88.19374	463.92017	283.04703	291.58432	259.3558	229.95885	311.44818	282.27817	0.0	241.57767	346.80026
Chondrilla	Chondrilla_contig_7369	13929	No	26	7	1	Low-quality	Genome-fragment	9.92	HMM-based (lower-bound)	1.0		11	0.931	2	11.2364	Viruses;Duplodnaviria;Heunggongvirae;Uroviricota;Caudoviricetes	dsDNA	Prokaryote	0.0	99.96706	85.32189	0.0	0.0	121.83535	94.25973	91.23183	103.01041	46.910137	61.777866	134.77269	0.0	59.706844	71.264946
Chondrilla	Chondrilla_contig_9662	6922	No	13	1	0	Low-quality	Genome-fragment	10.89	HMM-based (lower-bound)	1.02		11	0.9129	1	2.9641	Viruses;Duplodnaviria;Heunggongvirae;Uroviricota;Caudoviricetes	dsDNA	Prokaryote	0.0	372.0229	252.06938	50.60955	0.0	462.52365	448.85876	279.747	260.68814	342.35284	380.84738	526.0784	0.0	483.90952	485.9178
Farrea	Farrea_contig_140_41961_56524	14564	Yes	28	3	0	Low-quality	Genome-fragment	22.93	HMM-based (lower-bound)	1.0	41961-56524	11	0.9425	0	8.72	Viruses;Duplodnaviria;Heunggongvirae;Uroviricota;Caudoviricetes	dsDNA	Prokaryote	0.0	0.0	0.0	0.0	0.0	0.0	0.0	0.0	0.0	0.0	0.0	0.0	81.61478	0.0	0.0
Farrea	Farrea_contig_170	13689	No	21	6	1	Low-quality	Genome-fragment	21.48	HMM-based (lower-bound)	1.11		11	0.8595	7	14.5672	Viruses;Duplodnaviria;Heunggongvirae;Uroviricota;Caudoviricetes	dsDNA	Prokaryote	0.0	0.0	0.0	0.0	0.0	0.0	0.0	0.0	0.0	0.0	0.0	0.0	679.12445	0.0	0.0
Farrea	Farrea_contig_3_610838_624476	13639	Yes	17	11	0	Low-quality	Genome-fragment	25.31	HMM-based (lower-bound)	1.0	610838-624476	11	0.8265	9	22.5222	Viruses;Duplodnaviria;Heunggongvirae;Uroviricota;Caudoviricetes	dsDNA	Prokaryote	0.0	0.0	0.0	0.0	0.0	0.0	0.0	0.0	0.0	0.0	0.0	0.0	147.58232	0.0	0.0
Farrea	Farrea_contig_467	6376	No	10	6	0	Low-quality	Genome-fragment	12.0	AAI-based (high-confidence)	1.0		4	0.9823	2	15.4645	Viruses;Duplodnaviria;Heunggongvirae;Uroviricota;Caudoviricetes	dsDNA	Prokaryote	0.0	0.0	0.0	0.0	0.0	0.0	0.0	0.0	0.0	0.0	0.0	0.0	6.123407	0.0	0.0
Farrea	Farrea_contig_530	9780	No	17	1	0	Low-quality	Genome-fragment	18.17	HMM-based (lower-bound)	1.0		4	0.7546	1	1.255	Viruses;Duplodnaviria;Heunggongvirae;Uroviricota;Caudoviricetes	dsDNA	Prokaryote	0.0	0.0	0.0	0.0	0.0	0.0	0.0	0.0	0.0	0.0	0.0	0.0	10.645629	0.0	0.0
Farrea	Farrea_contig_569	6707	No	12	1	0	Low-quality	Genome-fragment	11.5	HMM-based (lower-bound)	1.01		11	0.9607	1	2.618	Viruses;Duplodnaviria;Heunggongvirae;Uroviricota;Caudoviricetes	dsDNA	Prokaryote	0.0	0.0	0.0	0.0	0.0	0.0	0.0	0.0	0.0	0.0	0.0	0.0	23.931633	0.0	0.0
Farrea	Farrea_contig_636	11468	No	18	5	2	Low-quality	Genome-fragment	12.54	HMM-based (lower-bound)	1.0		11	0.9048	3	5.2468	Viruses;Duplodnaviria;Heunggongvirae;Uroviricota;Caudoviricetes	dsDNA	Prokaryote	0.62705845	0.0	0.0	0.0	0.0	0.0	0.0	0.0	0.0	0.0	0.0	0.0	4954.309	0.0	0.0
Ggar08	Ggar08_contig_12112_1_3258_18279	15022	Yes	16	5	0	Low-quality	Genome-fragment	15.5	HMM-based (lower-bound)	1.0	3258-18279	11	0.9108	3	7.5668	Viruses;Duplodnaviria;Heunggongvirae;Uroviricota;Caudoviricetes	dsDNA	Prokaryote	0.0	580.9824	284.70917	0.0	0.0	591.8311	0.0	783.4998	0.0	0.0	368.8622	0.0	0.0	315.08194	348.96643
Ggar08	Ggar08_contig_12450	8792	No	14	5	0	Low-quality	Genome-fragment	12.17	HMM-based (lower-bound)	1.0		11	0.9613	3	13.1025	Viruses;Duplodnaviria;Heunggongvirae;Uroviricota;Caudoviricetes	dsDNA	Prokaryote	0.0	3.9759648	0.0	0.0	0.0	2.880917	1.022835	6.02237	1.659635	0.0	0.0	0.0	0.0	0.0	0.0
Ggar08	Ggar08_contig_13271	5667	No	11	1	0	Low-quality	Genome-fragment	14.21	HMM-based (lower-bound)	1.0		11	0.8507	1	2.8991	Viruses;Duplodnaviria;Heunggongvirae;Uroviricota;Caudoviricetes	dsDNA	Prokaryote	0.0	7.196541	8.014544	0.0	0.0	0.0	0.0	8.675952	0.0	10.555734	0.0	0.0	0.0	17.583462	0.0
Ggar08	Ggar08_contig_13805	9095	No	14	1	0	Low-quality	Genome-fragment	13.61	HMM-based (lower-bound)	1.0		11	0.8825	2	3.0339	Viruses;Duplodnaviria;Heunggongvirae;Uroviricota;Caudoviricetes	dsDNA	Prokaryote	0.0	0.0	0.0	12.839264	0.0	0.0	0.0	65.70244	0.0	0.0	0.0	0.0	0.0	0.0	0.0
Ggar08	Ggar08_contig_14473_1_1_10888	10888	Yes	15	3	0	Low-quality	Genome-fragment	12.17	HMM-based (lower-bound)	1.0	1-10888	11	0.9482	4	7.0865	Viruses;Duplodnaviria;Heunggongvirae;Uroviricota;Caudoviricetes	dsDNA	Prokaryote	0.0	0.0	0.0	0.0	0.0	0.0	0.0	9.726061	0.0	0.0	6.8525133	0.0	0.0	0.0	6.027711
Ggar08	Ggar08_contig_14649	9979	No	18	3	0	Low-quality	Genome-fragment	13.88	HMM-based (lower-bound)	1.0		11	0.9459	3	7.9942	Viruses;Duplodnaviria;Heunggongvirae;Uroviricota;Caudoviricetes	dsDNA	Prokaryote	0.0	10.509073	0.0	0.0	0.0	0.0	0.0	35.626064	0.0	0.0	0.0	0.0	0.0	0.0	0.0
Ggar08	Ggar08_contig_15230	6314	No	12	1	0	Low-quality	Genome-fragment	3.42	HMM-based (lower-bound)	1.0		11	0.8738	1	2.9207	Viruses;Duplodnaviria;Heunggongvirae;Uroviricota;Caudoviricetes	dsDNA	Prokaryote	0.0	0.0	106.101	0.0	0.0	24.069393	0.0	19.167809	0.0	0.0	0.0	0.0	0.0	191.80806	0.0
Ggar08	Ggar08_contig_15336_3_7490	7488	Yes	12	3	0	Low-quality	Genome-fragment	7.5	HMM-based (lower-bound)	1.0	3-7490	11	0.948	4	8.345	Viruses;Duplodnaviria;Heunggongvirae;Uroviricota;Caudoviricetes;Demerecviridae	dsDNA	Prokaryote	0.0	0.0	2.0218313	0.0	64.43473	7.441754	7.8062196	15.657517	0.0	4.91612	19.263664	19.731092	0.0	0.0	27.38954
Ggar08	Ggar08_contig_16515_21133_34261	13129	Yes	16	3	1	Low-quality	Genome-fragment	14.46	HMM-based (lower-bound)	1.0	21133-34261	11	0.7698	8	12.0933	Viruses;Duplodnaviria;Heunggongvirae;Uroviricota;Caudoviricetes	dsDNA	Prokaryote	0.0	4.881351	4.612529	6.499672	0.0	10.41791	5.822111	9.506252	4.8160467	2.803862	4.546282	7.281639	0.0	10.800762	8.747962
Ggar08	Ggar08_contig_16649	6903	No	8	1	0	Low-quality	Genome-fragment	5.36	HMM-based (lower-bound)	1.0		11	0.794	0	2.419	Viruses;Duplodnaviria;Heunggongvirae;Uroviricota;Caudoviricetes	dsDNA	Prokaryote	0.0	692.0779	415.60626	177.62099	304.56018	799.16864	616.1926	661.2968	470.67117	553.9384	577.1668	880.67957	2.5137439	535.7643	676.2152
Ggar08	Ggar08_contig_170_3_17451	17449	Yes	25	9	0	Low-quality	Genome-fragment	23.76	HMM-based (lower-bound)	1.0	3-17451	11	0.9494	6	16.3985	Viruses;Duplodnaviria;Heunggongvirae;Uroviricota;Caudoviricetes	dsDNA	Prokaryote	0.0	0.0	6.94113	0.0	0.0	15.386993	4.380681	14.522162	0.0	0.0	0.0	0.0	0.0	0.0	0.0
Ggar08	Ggar08_contig_17244_3_24516	24514	Yes	28	5	1	Low-quality	Genome-fragment	43.46	HMM-based (lower-bound)	1.04	3-24516	11	0.7633	4	15.2643	Viruses;Duplodnaviria;Heunggongvirae;Uroviricota;Caudoviricetes	dsDNA	Prokaryote	0.0	0.0	10.49894	17.771622	11.163952	8.059329	4.035262	16.816645	9.126886	16.893772	24.957304	4.6088996	0.0	10.787461	21.083218
Ggar08	Ggar08_contig_17889	40739	No	70	3	0	Low-quality	Genome-fragment	45.34	HMM-based (lower-bound)	1.0		11	0.9058	2	4.9474	Viruses;Duplodnaviria;Heunggongvirae;Uroviricota;Caudoviricetes	dsDNA	Prokaryote	0.0	4.290322	515.62427	0.0	0.0	14.548693	0.0	5582.6035	0.0	10.16554	7.936147	6.506652	4.3658867	503.95947	0.0
Ggar08	Ggar08_contig_19568	32074	No	71	16	1	Low-quality	Genome-fragment	30.71	HMM-based (lower-bound)	1.0		11	0.9605	9	34.6929	Viruses;Duplodnaviria;Heunggongvirae;Uroviricota;Caudoviricetes	dsDNA	Prokaryote	0.0	8.719008	3.89414	0.0	0.0	4.896176	3.5046942	14.621624	5.0042596	4.590872	6.9785643	8.806398	0.0	6.810924	9.207885
Ggar08	Ggar08_contig_20226_6501_16577	10077	Yes	17	4	0	Low-quality	Genome-fragment	10.38	HMM-based (lower-bound)	1.0	6501-16577	11	0.9455	3	8.8014	Viruses;Duplodnaviria;Heunggongvirae;Uroviricota;Caudoviricetes	dsDNA	Prokaryote	0.0	0.0	0.0	0.0	0.0	0.0	0.0	13.886651	0.0	0.0	0.0	0.0	0.0	0.0	0.0
Ggar08	Ggar08_contig_22392	10564	No	15	3	1	Low-quality	Genome-fragment	9.76	HMM-based (lower-bound)	1.0		11	0.9296	4	12.2594	Viruses;Duplodnaviria;Heunggongvirae;Uroviricota;Caudoviricetes	dsDNA	Prokaryote	0.0	3.3090386	0.0	0.0	0.0	3.8362777	4.2563257	5.0121803	0.0	1.306746	8.946063	4.113483	0.0	3.990696	6.989155
Ggar08	Ggar08_contig_23198	9299	No	10	2	0	Low-quality	Genome-fragment	13.32	HMM-based (lower-bound)	1.0		11	0.9418	2	6.7225	Viruses;Duplodnaviria;Heunggongvirae;Uroviricota;Caudoviricetes	dsDNA	Prokaryote	0.0	11.904094	0.0	0.0	0.0	22.880287	21.275497	12.608183	8.89184	0.0	19.791203	15.888421	0.0	0.0	18.526508
Ggar08	Ggar08_contig_25148	6942	No	16	1	0	Low-quality	Genome-fragment	4.43	HMM-based (lower-bound)	1.0		11	0.7183	0	2.7503	Viruses;Duplodnaviria;Heunggongvirae;Uroviricota;Caudoviricetes	dsDNA	Prokaryote	0.0	0.0	0.0	0.0	0.0	116.75724	65.41842	88.25868	0.0	0.0	0.0	77.62028	0.0	0.0	121.72034
Ggar08	Ggar08_contig_26303	11553	No	20	2	0	Low-quality	Genome-fragment	14.01	HMM-based (lower-bound)	1.0		11	0.7908	3	4.3629	Viruses;Duplodnaviria;Heunggongvirae;Uroviricota;Caudoviricetes	dsDNA	Prokaryote	0.0	112.457664	65.849434	0.0	0.0	134.61456	83.67717	91.66221	72.41235	65.718475	111.94	102.68475	0.0	48.433113	122.84624
Ggar08	Ggar08_contig_26724	29081	No	46	4	3	Low-quality	Genome-fragment	35.96	HMM-based (lower-bound)	1.01		11	0.7917	1	12.0185	Viruses;Duplodnaviria;Heunggongvirae;Uroviricota;Caudoviricetes	dsDNA	Prokaryote	0.0	5.8098865	0.0	0.0	0.0	5.400088	4.638475	6.242506	10.87134	0.0	5.1311965	0.0	0.0	4.0854197	0.0
Ggar08	Ggar08_contig_27619_306_9609	9304	Yes	15	1	0	Low-quality	Genome-fragment	13.92	HMM-based (lower-bound)	1.0	306-9609	11	0.9552	3	7.6188	Viruses;Duplodnaviria;Heunggongvirae;Uroviricota;Caudoviricetes	dsDNA	Prokaryote	0.0	6.88814	7.322401	0.0	0.0	5.44476	0.0	21.54434	0.0	0.0	0.0	3.2693877	0.0	12.76957	0.0
Ggar08	Ggar08_contig_28458	5824	No	9	1	0	Low-quality	Genome-fragment	9.29	HMM-based (lower-bound)	1.0		11	0.8572	0	0.9852	Viruses;Duplodnaviria;Heunggongvirae;Uroviricota;Caudoviricetes	dsDNA	Prokaryote	0.0	0.0	0.0	0.0	0.0	0.0	0.0	5.1951213	0.0	0.0	0.0	0.0	0.0	0.0	0.0
Ggar08	Ggar08_contig_28603	18336	No	36	1	1	Low-quality	Genome-fragment	9.95	HMM-based (lower-bound)	1.01		11	0.9654	2	8.0125	Viruses;Duplodnaviria;Heunggongvirae;Uroviricota;Caudoviricetes;Straboviridae	dsDNA	Prokaryote	0.0	0.0	0.0	0.0	0.0	0.0	0.0	13.819656	0.0	0.0	0.0	0.0	0.0	0.0	0.0
Ggar08	Ggar08_contig_2942	11230	No	11	2	1	Low-quality	Genome-fragment	17.55	HMM-based (lower-bound)	1.0		11	0.8249	1	4.4622	Viruses;Duplodnaviria;Heunggongvirae;Uroviricota;Caudoviricetes	dsDNA	Prokaryote	0.0	76.782265	52.23994	24.795988	0.0	81.64832	69.66791	83.18485	73.19576	76.213425	69.53871	90.93398	0.0	60.746964	94.967316
Ggar08	Ggar08_contig_29717_1_1_11341	11341	Yes	21	3	0	Low-quality	Genome-fragment	12.67	HMM-based (lower-bound)	1.0	1-11341	11	0.9123	2	4.5661	Viruses;Duplodnaviria;Heunggongvirae;Uroviricota;Caudoviricetes	dsDNA	Prokaryote	0.0	11.815591	0.0	0.0	0.0	17.420544	10.704729	11.338473	0.0	12.983654	0.0	8.046481	0.0	0.0	0.0
Ggar08	Ggar08_contig_29897	8561	No	17	2	0	Low-quality	Genome-fragment	15.03	AAI-based (medium-confidence)	1.0		11	0.9151	2	7.1472	Viruses;Duplodnaviria;Heunggongvirae;Uroviricota;Caudoviricetes	dsDNA	Prokaryote	0.0	0.0	82.67379	0.0	0.0	0.0	0.0	170.96748	0.0	0.0	0.0	0.0	0.0	94.0111	0.0
Ggar08	Ggar08_contig_30570_1_5752	5752	Yes	10	1	0	Low-quality	Genome-fragment	8.6	HMM-based (lower-bound)	1.0	1-5752	11	0.9687	1	7.2539	Viruses;Duplodnaviria;Heunggongvirae;Uroviricota;Caudoviricetes	dsDNA	Prokaryote	0.0	0.0	0.0	0.0	0.0	0.0	0.0	18.410526	0.0	0.0	0.0	1.510947	0.0	0.0	0.0
Ggar08	Ggar08_contig_3064	6620	No	8	1	0	Low-quality	Genome-fragment	10.07	HMM-based (lower-bound)	1.0		11	0.9787	0	6.0993	Viruses;Duplodnaviria;Heunggongvirae;Uroviricota;Caudoviricetes	dsDNA	Prokaryote	0.0	0.0	2.2869294	0.0	0.0	0.0	1.3584238	10.283514	0.0	4.865622	0.0	0.0	0.0	0.0	0.0
Ggar08	Ggar08_contig_31560	5073	No	9	2	0	Low-quality	Genome-fragment	4.94	HMM-based (lower-bound)	1.0		11	0.9136	3	6.6729	Viruses;Duplodnaviria;Heunggongvirae;Uroviricota;Caudoviricetes;Demerecviridae	dsDNA	Prokaryote	0.0	0.0	0.0	0.0	23.69926	11.98298	0.0	9.691825	0.0	0.0	0.0	1.7131809	0.0	0.0	0.0
Ggar08	Ggar08_contig_31833	6057	No	13	4	0	Low-quality	Genome-fragment	8.2	HMM-based (lower-bound)	1.0		11	0.8944	4	5.2002	Viruses;Duplodnaviria;Heunggongvirae;Uroviricota;Caudoviricetes	dsDNA	Prokaryote	0.0	0.0	0.0	0.0	0.0	0.0	0.0	13.112598	0.0	0.0	0.0	0.0	0.0	0.0	0.0
Ggar08	Ggar08_contig_31874	6861	No	10	2	0	Low-quality	Genome-fragment	9.49	HMM-based (lower-bound)	1.0		11	0.9434	2	2.7616	Viruses;Duplodnaviria;Heunggongvirae;Uroviricota;Caudoviricetes	dsDNA	Prokaryote	0.0	0.0	0.0	0.0	0.0	0.0	0.0	13.229727	0.0	0.0	0.0	0.0	0.0	0.0	0.0
Ggar08	Ggar08_contig_32197_15989_26802	10814	Yes	17	1	0	Low-quality	Genome-fragment	12.56	HMM-based (lower-bound)	1.09	15989-26802	11	0.7857	3	8.2606	Viruses;Duplodnaviria;Heunggongvirae;Uroviricota;Caudoviricetes	dsDNA	Prokaryote	0.0	12.391401	0.0	2.907242	0.0	3.2791414	6.6526837	13.98945	0.0	1.2765363	0.0	3.2147093	0.0	3.189631	0.0
Ggar08	Ggar08_contig_32512	9683	No	17	1	0	Low-quality	Genome-fragment	5.79	HMM-based (lower-bound)	1.0		11	0.794	0	1.6705	Viruses;Duplodnaviria;Heunggongvirae;Uroviricota;Caudoviricetes	dsDNA	Prokaryote	0.0	55.355003	5.081409	0.0	0.0	60.163956	24.146639	17.966974	41.691467	26.136717	21.06108	13.01446	0.0	0.0	0.0
Ggar08	Ggar08_contig_32584	6235	No	12	1	0	Low-quality	Genome-fragment	9.33	HMM-based (lower-bound)	1.0		11	0.807	1	2.7912	Viruses;Duplodnaviria;Heunggongvirae;Uroviricota;Caudoviricetes	dsDNA	Prokaryote	0.0	0.0	1.2140715	0.0	0.0	0.0	0.0	9.098753	6.240689	0.0	7.1798067	0.0	0.0	0.0	11.841769
Ggar08	Ggar08_contig_3349_11517_26517	15001	Yes	22	4	0	Low-quality	Genome-fragment	16.52	HMM-based (lower-bound)	1.0	11517-26517	11	0.884	5	9.0248	Viruses;Duplodnaviria;Heunggongvirae;Uroviricota;Caudoviricetes	dsDNA	Prokaryote	0.0	21.749374	14.129232	0.0	0.0	18.57338	15.88616	22.186539	18.157114	15.644017	0.0	24.333084	0.0	12.518727	22.968868
Ggar08	Ggar08_contig_33516	10377	No	15	4	0	Low-quality	Genome-fragment	12.37	HMM-based (lower-bound)	1.0		11	0.9477	4	8.1894	Viruses;Duplodnaviria;Heunggongvirae;Uroviricota;Caudoviricetes	dsDNA	Prokaryote	0.0	0.0	0.0	0.0	0.0	0.0	0.0	17.494297	0.0	0.0	0.0	0.0	0.0	0.0	0.0
Ggar08	Ggar08_contig_34964	12029	No	27	5	0	Low-quality	Genome-fragment	11.0	HMM-based (lower-bound)	1.0		11	0.9614	2	8.535	Viruses;Duplodnaviria;Heunggongvirae;Uroviricota;Caudoviricetes;Demerecviridae	dsDNA	Prokaryote	0.0	133.19322	0.0	0.0	0.0	128.02434	201.10184	76.087425	97.44656	99.84108	150.92809	179.54153	0.0	119.79608	167.0887
Ggar08	Ggar08_contig_3502	15373	No	36	8	0	Low-quality	Genome-fragment	15.23	HMM-based (lower-bound)	1.0		11	0.9359	4	15.8803	Viruses;Duplodnaviria;Heunggongvirae;Uroviricota;Caudoviricetes	dsDNA	Prokaryote	0.0	0.0	1070.7339	0.0	0.0	0.0	1613.0586	1213.8572	1052.3074	1353.238	1323.0164	1871.8397	0.0	1028.8691	1502.7426
Ggar08	Ggar08_contig_35258	6578	No	16	2	0	Low-quality	Genome-fragment	10.7	HMM-based (lower-bound)	1.0		11	0.7856	0	3.2297	Viruses;Duplodnaviria;Heunggongvirae;Uroviricota;Caudoviricetes	dsDNA	Prokaryote	0.0	0.0	0.0	0.0	0.0	0.0	0.0	13.798899	0.0	0.0	0.0	0.0	0.0	0.0	0.0
Ggar08	Ggar08_contig_35835	5141	No	11	2	0	Low-quality	Genome-fragment	3.5	HMM-based (lower-bound)	1.01		11	0.8746	1	3.4266	Viruses;Duplodnaviria;Heunggongvirae;Uroviricota;Caudoviricetes	dsDNA	Prokaryote	0.0	0.0	3.6810622	0.0	0.0	3.9414937	0.0	7.356639	0.0	0.0	0.0	5.916822	0.0	0.0	0.0
Ggar08	Ggar08_contig_36423_3_8975	8973	Yes	13	3	0	Low-quality	Genome-fragment	12.84	HMM-based (lower-bound)	1.02	3-8975	11	0.8841	4	8.1173	Viruses;Duplodnaviria;Heunggongvirae;Uroviricota;Caudoviricetes	dsDNA	Prokaryote	0.0	3.8957632	0.0	0.0	0.0	2.8228045	0.0	21.917585	0.0	3.5897043	0.0	0.4842843	0.0	0.0	3.6570666
Ggar08	Ggar08_contig_3671	5343	No	8	1	0	Low-quality	Genome-fragment	9.2	HMM-based (lower-bound)	1.0		11	0.7143	1	2.8364	Viruses;Duplodnaviria;Heunggongvirae;Uroviricota;Caudoviricetes	dsDNA	Prokaryote	0.0	4.3616796	0.0	0.0	0.0	0.0	12.623198	8.494212	0.0	6.0285263	4.6546984	17.079384	0.0	5.7383776	4.6062407
Ggar08	Ggar08_contig_36996_176_6626	6451	Yes	10	1	0	Low-quality	Genome-fragment	9.67	HMM-based (lower-bound)	1.05	176-6626	11	0.9579	2	11.384	Viruses;Duplodnaviria;Heunggongvirae;Uroviricota;Caudoviricetes	dsDNA	Prokaryote	0.0	4.515667	0.0	0.0	0.0	10.993841	0.0	14.070556	0.0	0.0	0.0	0.0	0.0	4.158678	8.901876
Ggar08	Ggar08_contig_37086	59081	No	125	2	2	Low-quality	Genome-fragment	37.52	HMM-based (lower-bound)	1.0		11	0.9556	2	6.8024	Viruses;Duplodnaviria;Heunggongvirae;Uroviricota;Caudoviricetes	dsDNA	Prokaryote	0.0	0.0	0.0	0.0	0.0	24.865582	0.0	50.571556	0.0	0.0	0.0	0.0	0.0	0.0	0.0
Ggar08	Ggar08_contig_37328	9986	No	14	4	0	Low-quality	Genome-fragment	11.93	HMM-based (lower-bound)	1.0		11	0.9622	2	7.9942	Viruses;Duplodnaviria;Heunggongvirae;Uroviricota;Caudoviricetes	dsDNA	Prokaryote	0.0	0.0	9.854453	0.0	0.0	3.043744	0.0	26.132719	0.0	0.0	15.4410515	0.0	0.0	20.340828	9.036738
Ggar08	Ggar08_contig_3736_179_18228	18050	Yes	26	4	1	Low-quality	Genome-fragment	22.6	HMM-based (lower-bound)	1.0	179-18228	11	0.9144	3	8.2432	Viruses;Duplodnaviria;Heunggongvirae;Uroviricota;Caudoviricetes	dsDNA	Prokaryote	0.0	16.78437	5.6615753	6.469424	0.0	15.435969	11.458925	10.057524	8.08394	9.432413	11.022738	0.0	0.0	9.767084	17.725477
Ggar08	Ggar08_contig_3737	13910	No	25	1	0	Low-quality	Genome-fragment	20.81	HMM-based (lower-bound)	1.0		11	0.8668	3	4.5313	Viruses;Duplodnaviria;Heunggongvirae;Uroviricota;Caudoviricetes	dsDNA	Prokaryote	0.0	851.5089	0.0	0.0	0.0	1054.3138	817.4947	628.6194	579.39453	430.70724	0.0	909.08386	0.0	0.0	0.0
Ggar08	Ggar08_contig_38369	11773	No	26	1	0	Low-quality	Genome-fragment	7.0	HMM-based (lower-bound)	1.0		11	0.9143	1	2.9355	Viruses;Duplodnaviria;Heunggongvirae;Uroviricota;Caudoviricetes	dsDNA	Prokaryote	0.0	0.0	0.0	0.0	0.0	0.0	0.0	81.27565	0.0	0.0	0.0	0.0	0.0	0.0	0.0
Ggar08	Ggar08_contig_4383	8995	No	17	4	0	Low-quality	Genome-fragment	7.83	HMM-based (lower-bound)	1.01		11	0.875	3	9.8536	Viruses;Duplodnaviria;Heunggongvirae;Uroviricota;Caudoviricetes;Demerecviridae	dsDNA	Prokaryote	0.0	9.067882	2.524648	0.0	0.0	3.3790805	1.4996274	10.93199	3.785087	3.5809247	4.4238005	3.381699	0.0	0.0	4.5601525
Ggar08	Ggar08_contig_4540	7762	No	15	1	1	Low-quality	Genome-fragment	9.67	HMM-based (lower-bound)	1.02		11	0.8932	0	3.661	Unclassified	Unknown	Unknown	0.0	294.233	122.87899	0.0	0.0	261.70932	203.90709	199.77321	239.99606	201.55965	429.34647	382.3712	0.0	179.23271	604.55096
Ggar08	Ggar08_contig_5627	6732	No	15	1	0	Low-quality	Genome-fragment	12.2	HMM-based (lower-bound)	1.0		11	0.9105	3	4.2671	Viruses;Duplodnaviria;Heunggongvirae;Uroviricota;Caudoviricetes	dsDNA	Prokaryote	0.0	63.176815	25.862143	0.0	0.0	0.0	64.787445	81.461235	70.082016	42.378532	0.0	88.43304	0.0	83.68691	79.20997
Ggar08	Ggar08_contig_7569	19203	No	31	2	0	Low-quality	Genome-fragment	23.46	HMM-based (lower-bound)	1.0		11	0.7857	2	4.1342	Viruses;Duplodnaviria;Heunggongvirae;Uroviricota;Caudoviricetes	dsDNA	Prokaryote	0.0	640.46906	313.58252	808.7707	349.94635	540.26807	1716.3195	826.406	1534.1489	1449.2424	1342.5142	1518.4187	0.0	339.2846	1208.5773
Ggar08	Ggar08_contig_7999_56854_78535	11417	Yes	10	4	0	Low-quality	Genome-fragment	12.75	HMM-based (lower-bound)	1.0	56854-78535	11	0.9584	4	7.9427	Viruses;Duplodnaviria;Heunggongvirae;Uroviricota;Caudoviricetes	dsDNA	Prokaryote	0.0	0.0	6.9617434	0.0	0.0	10.6489725	0.0	135.15598	0.0	0.0	0.0	0.0	0.0	0.0	0.0
Ggar08	Ggar08_contig_8213	6464	No	9	1	0	Low-quality	Genome-fragment	8.48	HMM-based (lower-bound)	1.0		11	0.8643	0	1.2643	Viruses;Duplodnaviria;Heunggongvirae;Uroviricota;Caudoviricetes	dsDNA	Prokaryote	0.0	868.8697	405.77252	1194.3842	0.0	844.8233	1535.8932	1461.5651	1985.7155	0.0	1515.9036	1394.2655	0.0	433.4114	1385.8999
Ggar08	Ggar08_contig_8369_1_4858_14185	9328	Yes	17	3	0	Low-quality	Genome-fragment	12.75	HMM-based (lower-bound)	1.0	4858-14185	11	0.7801	0	4.4173	Viruses;Duplodnaviria;Heunggongvirae;Uroviricota;Caudoviricetes	dsDNA	Prokaryote	0.0	84.94334	32.866028	69.33355	0.0	55.936737	160.03421	98.52462	167.8983	173.14775	137.57448	148.14146	0.0	38.210148	119.608185
Ggar08	Ggar08_contig_8446_85593_94319	8727	Yes	13	2	0	Low-quality	Genome-fragment	10.59	HMM-based (lower-bound)	1.0	85593-94319	11	0.9009	2	7.3685	Viruses;Duplodnaviria;Heunggongvirae;Uroviricota;Caudoviricetes	dsDNA	Prokaryote	0.0	7.3435607	0.0	0.0	0.0	4.0633245	0.0	47.237682	0.0	0.0	0.0	0.0	0.0	3.513252	10.340423
Ggar08	Ggar08_contig_9078	7697	No	11	2	1	Low-quality	Genome-fragment	10.96	HMM-based (lower-bound)	1.0		11	0.7413	1	5.1189	Viruses;Duplodnaviria;Heunggongvirae;Uroviricota;Caudoviricetes	dsDNA	Prokaryote	0.0	292.17615	206.03607	0.0	13.153597	0.0	0.0	290.88898	0.0	0.0	199.03798	0.0	0.0	0.0	0.0
Ggar09	Ggar09_contig_10581	6121	No	12	4	0	Low-quality	Genome-fragment	4.22	HMM-based (lower-bound)	1.0		11	0.9546	2	0.5763	Viruses;Duplodnaviria;Heunggongvirae;Uroviricota;Caudoviricetes	dsDNA	Prokaryote	0.0	0.0	0.0	0.0	0.0	0.0	304.11737	318.82648	0.0	276.6456	297.41675	435.89716	0.0	0.0	312.27994
Ggar09	Ggar09_contig_10646	6120	No	12	1	0	Low-quality	Genome-fragment	9.16	HMM-based (lower-bound)	1.0		11	0.7867	2	2.8642	Viruses;Duplodnaviria;Heunggongvirae;Uroviricota;Caudoviricetes	dsDNA	Prokaryote	0.0	118.04544	60.607365	0.0	0.0	109.26246	71.2662	0.0	77.090225	0.0	0.0	126.388245	0.0	55.10812	101.8762
Ggar09	Ggar09_contig_11156	6604	No	15	3	0	Low-quality	Genome-fragment	8.25	HMM-based (lower-bound)	1.0		11	0.9663	1	7.7614	Viruses;Duplodnaviria;Heunggongvirae;Uroviricota;Caudoviricetes	dsDNA	Prokaryote	0.0	7.9398885	4.58494	0.0	0.0	5.369569	6.127717	8.590358	4.4189916	1.3935457	7.531815	11.186132	0.0	6.9639955	0.0
Ggar09	Ggar09_contig_11630	9175	No	21	2	0	Low-quality	Genome-fragment	6.99	HMM-based (lower-bound)	1.0		11	0.8757	3	9.978	Viruses;Duplodnaviria;Heunggongvirae;Uroviricota;Caudoviricetes	dsDNA	Prokaryote	0.0	20.319962	8.662913	0.0	0.0	28.710827	26.95379	20.610615	17.49391	12.03659	14.637416	21.312996	0.0	13.784536	25.035858
Ggar09	Ggar09_contig_11667	7816	No	13	1	0	Low-quality	Genome-fragment	5.43	HMM-based (lower-bound)	1.0		11	0.7167	1	2.7213	Viruses;Duplodnaviria;Heunggongvirae;Uroviricota;Caudoviricetes	dsDNA	Prokaryote	0.0	135.66437	92.49102	0.0	0.0	141.29291	80.5391	111.77753	207.22336	166.60966	123.45933	91.179535	0.0	99.04924	111.258156
Ggar09	Ggar09_contig_14951_112825_128741	15917	Yes	17	4	0	Low-quality	Genome-fragment	16.82	HMM-based (lower-bound)	1.06	112825-128741	11	0.7606	7	12.3282	Viruses;Duplodnaviria;Heunggongvirae;Uroviricota;Caudoviricetes	dsDNA	Prokaryote	0.0	50.8783	36.857105	0.0	18.386393	73.837204	72.59976	29.463717	28.724049	66.78041	0.0	81.90268	0.0	41.655197	45.87112
Ggar09	Ggar09_contig_15953_86218_110641	24424	Yes	38	2	2	Low-quality	Genome-fragment	29.62	HMM-based (lower-bound)	1.0	86218-110641	11	0.8462	3	5.5688	Viruses;Duplodnaviria;Heunggongvirae;Uroviricota;Caudoviricetes	dsDNA	Prokaryote	0.0	0.0	0.0	0.0	8.614318	0.0	39.76493	0.0	0.0	0.0	0.0	56.756023	0.0	0.0	44.001255
Ggar09	Ggar09_contig_16443	10063	No	20	2	0	Low-quality	Genome-fragment	8.68	HMM-based (lower-bound)	1.0		11	0.9089	3	4.5313	Viruses;Duplodnaviria;Heunggongvirae;Uroviricota;Caudoviricetes	dsDNA	Prokaryote	0.0	31.264051	14.292457	0.0	0.0	20.639769	25.468927	14.657644	7.25008	13.260772	15.322899	34.546227	0.0	10.283018	20.380886
Ggar09	Ggar09_contig_18943	30533	No	50	12	2	Low-quality	Genome-fragment	44.47	HMM-based (lower-bound)	1.0		11	0.9345	6	16.5225	Viruses;Duplodnaviria;Heunggongvirae;Uroviricota;Caudoviricetes	dsDNA	Prokaryote	0.0	57.434914	32.97334	103.26119	0.0	39.653072	151.8282	96.368965	141.13777	121.16714	157.85599	129.65431	0.0	33.639507	131.92363
Ggar09	Ggar09_contig_19546	8685	No	22	1	0	Low-quality	Genome-fragment	7.79	HMM-based (lower-bound)	1.0		11	0.8829	0	2.9641	Viruses;Duplodnaviria;Heunggongvirae;Uroviricota;Caudoviricetes	dsDNA	Prokaryote	0.0	15.428972	5.229524	0.0	0.0	11.08236	9.318928	12.6286	9.520463	9.006943	4.00899	13.00893	0.0	11.473286	0.0
Ggar09	Ggar09_contig_19896	9202	No	12	1	1	Low-quality	Genome-fragment	8.25	HMM-based (lower-bound)	1.0		11	0.7929	1	4.7984	Viruses;Duplodnaviria;Heunggongvirae;Uroviricota;Caudoviricetes	dsDNA	Prokaryote	0.0	88.00585	0.0	0.0	0.0	0.0	91.862625	89.187614	0.0	0.0	95.67485	75.08496	0.0	50.395004	0.0
Ggar09	Ggar09_contig_20378	8980	No	13	1	1	Low-quality	Genome-fragment	8.05	AAI-based (medium-confidence)	1.0		11	0.7616	0	1.8927	Viruses;Duplodnaviria;Heunggongvirae;Uroviricota;Caudoviricetes	dsDNA	Prokaryote	0.0	66.825134	41.726276	0.0	0.0	72.77158	55.078182	66.12267	53.621365	53.803596	49.850887	81.78025	0.0	47.79979	52.07258
Ggar09	Ggar09_contig_20953	9150	No	18	2	0	Low-quality	Genome-fragment	11.1	HMM-based (lower-bound)	1.0		11	0.8184	1	2.6661	Viruses;Duplodnaviria;Heunggongvirae;Uroviricota;Caudoviricetes	dsDNA	Prokaryote	0.0	9.551007	6.6183486	0.0	0.0	18.823755	16.70787	8.266771	2.1262674	1.5086846	9.241331	16.147152	0.0	3.7696905	6.276066
Ggar09	Ggar09_contig_22141	5881	No	10	1	0	Low-quality	Genome-fragment	8.8	HMM-based (lower-bound)	1.0		11	0.7677	1	1.3504	Viruses;Duplodnaviria;Heunggongvirae;Uroviricota;Caudoviricetes	dsDNA	Prokaryote	0.0	2.9720016	0.0	0.0	0.0	8.61385	7.6456094	0.0	0.0	0.0	5.074658	11.822433	0.0	5.8651023	0.0
Ggar09	Ggar09_contig_22774	7978	No	16	4	0	Low-quality	Genome-fragment	6.2	HMM-based (lower-bound)	1.0		11	0.8991	1	2.6172	Viruses;Duplodnaviria;Heunggongvirae;Uroviricota;Caudoviricetes	dsDNA	Prokaryote	0.0	0.0	15.18122	0.0	0.0	0.0	10.144759	0.0	0.0	0.0	1.2469318	7.0808825	0.0	27.862383	0.0
Ggar09	Ggar09_contig_25125	11843	No	19	3	1	Low-quality	Genome-fragment	13.58	HMM-based (lower-bound)	1.0		11	0.8599	2	12.9794	Viruses;Duplodnaviria;Heunggongvirae;Uroviricota;Caudoviricetes	dsDNA	Prokaryote	0.0	0.0	5.113391	0.0	0.0	20.104097	7.593317	7.345023	0.0	2.3312445	15.539845	5.5038633	0.0	7.4430413	0.0
Ggar09	Ggar09_contig_25660_1_1_19940	19940	Yes	43	4	1	Low-quality	Genome-fragment	21.96	HMM-based (lower-bound)	1.0	1-19940	11	0.8489	5	8.2701	Viruses;Duplodnaviria;Heunggongvirae;Uroviricota;Caudoviricetes	dsDNA	Prokaryote	0.0	17.530935	14.4257765	0.0	0.0	19.307983	13.304242	21.053528	9.756945	14.999837	13.719688	17.434235	0.0	8.456913	0.0
Ggar09	Ggar09_contig_27360	8837	No	13	2	1	Low-quality	Genome-fragment	10.72	HMM-based (lower-bound)	1.0		11	0.902	2	4.176	Viruses;Duplodnaviria;Heunggongvirae;Uroviricota;Caudoviricetes	dsDNA	Prokaryote	0.0	0.0	0.0	0.0	0.0	0.0	18.317276	12.411383	11.558286	0.0	21.951612	26.55382	0.0	0.0	25.0651
Ggar09	Ggar09_contig_3110	11462	No	24	4	0	Low-quality	Genome-fragment	17.26	HMM-based (lower-bound)	1.0		11	0.9595	3	11.356	Viruses;Duplodnaviria;Heunggongvirae;Uroviricota;Caudoviricetes	dsDNA	Prokaryote	0.0	0.0	0.0	0.0	0.0	0.0	797.5175	0.0	931.86053	0.0	0.0	689.62085	0.0	0.0	0.0
Ggar09	Ggar09_contig_33276	18852	No	29	1	0	Low-quality	Genome-fragment	29.86	HMM-based (lower-bound)	1.0		11	0.9627	4	7.3098	Viruses;Duplodnaviria;Heunggongvirae;Uroviricota;Caudoviricetes	dsDNA	Prokaryote	0.0	0.0	0.0	0.0	0.0	0.0	0.0	0.0	2.8380125	0.0	0.0	2.535557	0.0	0.0	0.0
Ggar09	Ggar09_contig_33606	8553	No	16	1	0	Low-quality	Genome-fragment	11.59	HMM-based (lower-bound)	1.02		11	0.79	5	7.158	Viruses;Duplodnaviria;Heunggongvirae;Uroviricota;Caudoviricetes	dsDNA	Prokaryote	0.0	7.492956	0.0	0.0	1.8495563	0.0	7.3599157	7.517224	1.7060108	5.917967	18.0281	3.0483923	0.0	0.0	19.183245
Ggar09	Ggar09_contig_34923	7579	No	14	3	0	Low-quality	Genome-fragment	10.02	HMM-based (lower-bound)	1.0		11	0.9723	6	11.232	Viruses;Duplodnaviria;Heunggongvirae;Uroviricota;Caudoviricetes	dsDNA	Prokaryote	0.0	0.0	0.0	0.0	0.0	6.0156007	0.0	10.97837	1.2835037	2.4285464	2.6251543	8.027018	0.0	4.0454087	4.329708
Ggar09	Ggar09_contig_35312	8190	No	15	2	0	Low-quality	Genome-fragment	9.93	HMM-based (lower-bound)	1.0		11	0.7478	2	2.7008	Viruses;Duplodnaviria;Heunggongvirae;Uroviricota;Caudoviricetes	dsDNA	Prokaryote	0.0	0.0	0.0	0.0	0.0	0.0	4.3920712	0.0	0.0	0.0	0.0	9.550512	0.0	0.0	0.0
Ggar09	Ggar09_contig_35443_2_6467	6466	Yes	10	4	0	Low-quality	Genome-fragment	8.66	HMM-based (lower-bound)	1.0	2-6467	11	0.9632	3	7.2729	Viruses;Duplodnaviria;Heunggongvirae;Uroviricota;Caudoviricetes	dsDNA	Prokaryote	0.0	0.0	0.0	0.0	0.0	0.0	6.953886	13.453001	6.769955	10.674655	7.6925626	11.4248705	0.0	0.0	12.687465
Ggar09	Ggar09_contig_35568	9246	No	16	2	0	Low-quality	Genome-fragment	17.75	HMM-based (lower-bound)	1.0		11	0.7897	1	1.7183	Viruses;Duplodnaviria;Heunggongvirae;Uroviricota;Caudoviricetes	dsDNA	Prokaryote	0.0	49.149563	0.0	0.0	0.0	0.0	54.46624	0.0	184.1167	0.0	101.67511	72.84771	0.0	0.0	95.82535
Ggar09	Ggar09_contig_35576	8858	No	11	2	0	Low-quality	Genome-fragment	9.07	HMM-based (lower-bound)	1.0		11	0.7595	0	3.1716	Viruses;Duplodnaviria;Heunggongvirae;Uroviricota;Caudoviricetes	dsDNA	Prokaryote	0.0	13.154468	0.0	1.5210906	0.0	5.7189035	14.212996	3.8426766	57.654423	13.506287	21.338047	22.566296	0.0	0.0	21.301134
Ggar09	Ggar09_contig_35922	5750	No	11	1	0	Low-quality	Genome-fragment	3.12	HMM-based (lower-bound)	1.0		11	0.7378	0	0.0	Unclassified	Unknown	Unknown	0.0	0.0	3.2911894	0.0	0.0	0.0	40.662937	0.0	0.0	0.0	10.380544	55.92448	0.0	0.0	0.0
Ggar09	Ggar09_contig_35974	70064	No	101	10	4	Medium-quality	Genome-fragment	56.03	HMM-based (lower-bound)	1.02		11	0.9658	3	15.0741	Viruses;Duplodnaviria;Heunggongvirae;Uroviricota;Caudoviricetes	dsDNA	Prokaryote	0.0	0.0	0.0	0.0	0.0	0.0	76.49703	0.0	0.0	0.0	0.0	72.62733	0.0	0.0	0.0
Ggar09	Ggar09_contig_36765	6916	No	13	1	0	Low-quality	Genome-fragment	10.35	HMM-based (lower-bound)	1.0		11	0.938	2	3.0339	Viruses;Duplodnaviria;Heunggongvirae;Uroviricota;Caudoviricetes	dsDNA	Prokaryote	0.0	0.0	0.0	0.0	0.0	0.0	1.9504262	0.0	0.0	0.0	0.0	7.5398784	0.0	0.0	0.0
Ggar09	Ggar09_contig_37216	34092	No	59	8	3	Medium-quality	Genome-fragment	52.59	HMM-based (lower-bound)	1.0		11	0.9034	2	18.1129	Viruses;Duplodnaviria;Heunggongvirae;Uroviricota;Caudoviricetes	dsDNA	Prokaryote	0.0	29.906427	0.0	0.0	0.0	20.35713	34.423203	0.0	65.0566	41.301636	0.0	31.865856	0.0	0.0	0.0
Ggar09	Ggar09_contig_37274	21409	No	38	2	0	Low-quality	Genome-fragment	11.37	HMM-based (lower-bound)	1.01		11	0.7926	2	6.1505	Viruses;Duplodnaviria;Heunggongvirae;Uroviricota;Caudoviricetes	dsDNA	Prokaryote	0.0	0.0	0.0	0.0	0.0	0.0	8.820967	0.0	0.0	0.0	0.0	30.243214	0.0	0.0	0.0
Ggar09	Ggar09_contig_37429_1_1_6703	6703	Yes	15	2	0	Low-quality	Genome-fragment	6.19	HMM-based (lower-bound)	1.0	1-6703	11	0.8904	1	3.3506	Viruses;Duplodnaviria;Heunggongvirae;Uroviricota;Caudoviricetes	dsDNA	Prokaryote	0.0	0.0	0.0	0.0	52.864586	0.0	0.0	74.47864	0.0	148.28009	92.75717	136.14076	0.0	0.0	132.1798
Ggar09	Ggar09_contig_6854_112786_150164	37379	Yes	61	20	0	Low-quality	Genome-fragment	38.48	HMM-based (lower-bound)	1.02	112786-150164	11	0.964	8	41.9542	Viruses;Duplodnaviria;Heunggongvirae;Uroviricota;Caudoviricetes	dsDNA	Prokaryote	0.0	1301.4807	766.81573	0.0	0.0	1531.4374	1151.5522	959.50037	0.0	782.4462	928.9593	1312.6315	0.0	771.5483	1115.3665
Ggar09	Ggar09_contig_7772	6227	No	12	1	0	Low-quality	Genome-fragment	8.52	HMM-based (lower-bound)	1.0		11	0.9622	0	6.5976	Viruses;Duplodnaviria;Heunggongvirae;Uroviricota;Caudoviricetes	dsDNA	Prokaryote	0.0	640.90063	277.77173	0.0	0.0	660.5803	479.4601	515.65106	381.9522	325.14127	304.33563	524.7797	0.0	344.66205	378.10602
Ggar09	Ggar09_contig_8111	5726	No	11	3	0	Low-quality	Genome-fragment	3.82	HMM-based (lower-bound)	1.0		11	0.9619	1	6.6679	Viruses;Duplodnaviria;Heunggongvirae;Uroviricota;Caudoviricetes	dsDNA	Prokaryote	0.0	0.0	118.97943	0.0	0.0	291.95172	294.47144	252.97316	198.76665	225.01164	274.5001	409.04916	0.0	0.0	363.9091
Ggar09	Ggar09_contig_8631	6658	No	14	1	0	Low-quality	Genome-fragment	8.59	HMM-based (lower-bound)	1.0		11	0.8017	0	1.7183	Viruses;Duplodnaviria;Heunggongvirae;Uroviricota;Caudoviricetes	dsDNA	Prokaryote	0.0	0.0	0.0	0.0	0.0	0.0	0.0	0.0	49.675713	0.0	64.24826	99.85866	0.0	0.0	89.94761
Ggar09	Ggar09_contig_9950	7307	No	11	2	0	Low-quality	Genome-fragment	19.43	AAI-based (medium-confidence)	1.0		11	0.9642	2	6.8167	Viruses;Duplodnaviria;Heunggongvirae;Uroviricota;Caudoviricetes;Demerecviridae	dsDNA	Prokaryote	0.0	1.5946665	0.5179784	0.0	0.0	4.1596866	6.1535277	3.6231472	0.0	0.0	0.0	10.704625	0.0	2.0979986	0.0
Gmega16	Gmega16_contig_10752	9939	No	15	1	0	Low-quality	Genome-fragment	8.92	HMM-based (lower-bound)	1.01		11	0.8941	2	4.2075	Viruses;Duplodnaviria;Heunggongvirae;Uroviricota;Caudoviricetes	dsDNA	Prokaryote	0.0	0.0	0.0	0.0	0.0	6.116275	0.0	0.0	0.0	0.0	16.014523	0.0	0.0	0.0	18.98435
Gmega16	Gmega16_contig_11322	69032	No	110	8	2	Medium-quality	Genome-fragment	75.23	HMM-based (lower-bound)	1.01		11	0.9679	4	18.8406	Viruses;Duplodnaviria;Heunggongvirae;Uroviricota;Caudoviricetes	dsDNA	Prokaryote	0.0	0.0	0.0	0.0	0.0	0.0	0.0	0.0	0.0	0.0	14.626901	0.0	0.0	0.0	76.413666
Gmega16	Gmega16_contig_11823	7167	No	8	1	1	Low-quality	Genome-fragment	12.35	HMM-based (lower-bound)	1.0		11	0.8528	1	1.6903	Unclassified	Unknown	Unknown	0.0	201.60127	78.15829	38.852932	734.78864	158.32849	95.988075	119.260895	119.44123	119.41912	219.30898	181.28918	0.0	86.09398	307.91113
Gmega16	Gmega16_contig_13878	7428	No	14	1	0	Low-quality	Genome-fragment	7.89	HMM-based (lower-bound)	1.0		11	0.7095	0	2.4662	Viruses;Duplodnaviria;Heunggongvirae;Uroviricota;Caudoviricetes	dsDNA	Prokaryote	0.0	0.0	0.0	0.0	0.0	0.0	0.0	0.0	0.0	0.0	11.383708	0.0	0.0	0.0	24.297487
Gmega16	Gmega16_contig_14086	14217	No	14	2	1	Low-quality	Genome-fragment	19.81	HMM-based (lower-bound)	1.0		11	0.903	0	6.2016	Viruses;Duplodnaviria;Heunggongvirae;Uroviricota;Caudoviricetes	dsDNA	Prokaryote	0.0	0.0	0.0	0.0	0.0	3.5632021	33.84068	0.0	26.342789	22.008945	33.237045	27.203207	0.0	0.0	41.54656
Gmega16	Gmega16_contig_14557	8117	No	11	1	0	Low-quality	Genome-fragment	3.54	HMM-based (lower-bound)	1.01		11	0.8443	3	6.175	Viruses;Duplodnaviria;Heunggongvirae;Uroviricota;Caudoviricetes	dsDNA	Prokaryote	0.0	683.3141	395.41312	644.6142	152.20943	803.2144	354.52567	483.6474	476.97598	327.0985	500.64886	307.82962	0.0	385.28217	497.25604
Gmega16	Gmega16_contig_15148	9950	No	18	1	0	Low-quality	Genome-fragment	8.93	HMM-based (lower-bound)	1.12		11	0.8958	4	7.3951	Viruses;Duplodnaviria;Heunggongvirae;Uroviricota;Caudoviricetes	dsDNA	Prokaryote	0.0	0.0	0.0	0.0	0.0	0.0	0.0	0.0	0.0	0.0	12.497514	0.0	0.0	0.0	17.314373
Gmega16	Gmega16_contig_15908	5192	No	10	3	0	Low-quality	Genome-fragment	9.65	HMM-based (lower-bound)	1.0		11	0.9604	4	9.0514	Viruses;Duplodnaviria;Heunggongvirae;Uroviricota;Caudoviricetes	dsDNA	Prokaryote	0.0	0.0	0.7289807	0.0	0.0	0.0	5.196128	0.0	15.925506	7.0901203	18.202274	5.0217447	0.0	0.0	17.380753
Gmega16	Gmega16_contig_16105	11171	No	18	6	0	Low-quality	Genome-fragment	11.81	HMM-based (lower-bound)	1.0		11	0.9348	6	8.4762	Viruses;Duplodnaviria;Heunggongvirae;Uroviricota;Caudoviricetes	dsDNA	Prokaryote	0.0	23.9908	0.0	9.247094	0.0	25.848257	16.905207	21.667809	24.817715	23.479082	33.394573	17.504856	0.0	15.438488	28.640665
Gmega16	Gmega16_contig_16326	9413	No	11	2	0	Low-quality	Genome-fragment	15.55	HMM-based (lower-bound)	1.0		11	0.7698	2	2.5357	Viruses;Duplodnaviria;Heunggongvirae;Uroviricota;Caudoviricetes	dsDNA	Prokaryote	0.0	0.0	0.0	0.0	0.0	0.0	0.0	0.0	0.0	0.0	66.58083	0.0	0.0	0.0	72.33701
Gmega16	Gmega16_contig_17066	6712	No	11	1	0	Low-quality	Genome-fragment	2.69	HMM-based (lower-bound)	1.0		11	0.9249	0	1.7183	Viruses;Duplodnaviria;Heunggongvirae;Uroviricota;Caudoviricetes	dsDNA	Prokaryote	0.0	0.0	0.0	0.0	0.0	0.0	0.0	0.0	0.72464794	0.0	10.374874	0.0	0.0	0.0	12.222459
Gmega16	Gmega16_contig_17248	6084	No	11	2	0	Low-quality	Genome-fragment	5.25	HMM-based (lower-bound)	1.0		11	0.7984	3	4.4854	Viruses;Duplodnaviria;Heunggongvirae;Uroviricota;Caudoviricetes	dsDNA	Prokaryote	0.0	0.0	0.0	0.0	0.0	0.0	0.0	0.0	0.0	0.0	12.26334	0.0	0.0	0.0	14.832489
Gmega16	Gmega16_contig_18280	36217	No	73	1	0	Low-quality	Genome-fragment	19.32	HMM-based (lower-bound)	1.0		11	0.8666	0	2.4038	Viruses;Duplodnaviria;Heunggongvirae;Uroviricota;Caudoviricetes	dsDNA	Prokaryote	0.0	0.0	0.0	0.0	0.0	0.0	0.0	0.0	0.0	0.0	0.0	0.0	0.0	0.0	14.27048
Gmega16	Gmega16_contig_18369	52297	No	114	1	0	Low-quality	Genome-fragment	48.31	HMM-based (lower-bound)	1.0		11	0.951	2	8.015	Viruses;Duplodnaviria;Heunggongvirae;Uroviricota;Caudoviricetes	dsDNA	Prokaryote	0.0	0.0	0.0	0.0	0.0	0.0	0.0	0.0	4.929219	0.0	10.652412	0.0	0.0	0.0	14.588704
Gmega16	Gmega16_contig_19231	66766	No	135	2	2	High-quality	High-quality	98.99	HMM-based (lower-bound)	1.0		11	0.9485	0	7.5645	Viruses;Duplodnaviria;Heunggongvirae;Uroviricota;Caudoviricetes	dsDNA	Prokaryote	0.0	0.0	0.0	0.0	0.0	0.0	0.0	0.0	0.0	0.0	2.3839731	0.0	0.0	0.0	56.521416
Gmega16	Gmega16_contig_21053	9719	No	18	1	0	Low-quality	Genome-fragment	15.4	HMM-based (lower-bound)	1.0		11	0.956	2	3.0498	Viruses;Duplodnaviria;Heunggongvirae;Uroviricota;Caudoviricetes	dsDNA	Prokaryote	0.0	0.0	0.0	0.0	0.0	0.0	0.0	0.0	0.0	0.0	0.0	0.0	0.0	0.0	3.3763616
Gmega16	Gmega16_contig_22542	8390	No	12	8	0	Low-quality	Genome-fragment	7.85	HMM-based (lower-bound)	1.0		11	0.9814	2	11.4726	Viruses;Duplodnaviria;Heunggongvirae;Uroviricota;Caudoviricetes	dsDNA	Prokaryote	0.0	0.0	0.0	0.0	0.0	0.0	0.0	0.0	0.0	0.0	2.3713996	0.0	0.0	0.0	31.289495
Gmega16	Gmega16_contig_23637	8543	No	15	2	0	Low-quality	Genome-fragment	23.63	AAI-based (medium-confidence)	1.0		11	0.8366	2	4.0551	Viruses;Duplodnaviria;Heunggongvirae;Uroviricota;Caudoviricetes;Demerecviridae	dsDNA	Prokaryote	0.0	0.0	0.0	0.0	0.0	1150.9689	0.0	0.0	0.0	0.0	1452.0874	1401.3585	0.0	0.0	1938.8154
Gmega16	Gmega16_contig_23670_33555_72452	38898	Yes	63	4	2	Low-quality	Genome-fragment	25.18	HMM-based (lower-bound)	1.0	33555-72452	11	0.8987	0	8.6246	Viruses;Duplodnaviria;Heunggongvirae;Uroviricota;Caudoviricetes	dsDNA	Prokaryote	0.0	0.0	1216.9609	0.0	0.0	0.0	745.8137	0.0	0.0	0.0	365.0779	658.11206	0.0	1155.825	330.6963
Gmega16	Gmega16_contig_23832	9371	No	17	2	0	Low-quality	Genome-fragment	11.37	HMM-based (lower-bound)	1.0		11	0.8029	2	3.0339	Viruses;Duplodnaviria;Heunggongvirae;Uroviricota;Caudoviricetes	dsDNA	Prokaryote	0.0	21.760109	9.289507	0.0	0.0	15.676912	12.47529	9.686176	18.685106	4.419314	13.800478	12.056618	0.0	14.314178	18.384163
Gmega16	Gmega16_contig_23958	6619	No	17	2	0	Low-quality	Genome-fragment	3.01	HMM-based (lower-bound)	1.0		11	0.9743	0	7.1013	Viruses;Duplodnaviria;Heunggongvirae;Uroviricota;Caudoviricetes	dsDNA	Prokaryote	0.0	0.0	0.0	0.0	0.0	0.0	0.0	0.0	0.0	0.0	6.011797	0.0	0.0	0.0	40.90083
Gmega16	Gmega16_contig_24291_1_4455_14996	10542	Yes	17	2	2	Low-quality	Genome-fragment	12.8	HMM-based (lower-bound)	1.01	4455-14996	11	0.6728	2	3.6466	Viruses;Duplodnaviria;Heunggongvirae;Uroviricota;Caudoviricetes	dsDNA	Prokaryote	0.0	16.027061	15.797212	0.0	0.0	22.585167	0.0	15.4266815	22.607475	0.0	19.816776	17.312683	0.0	9.815786	36.57509
Gmega16	Gmega16_contig_24305	15883	No	26	3	0	Low-quality	Genome-fragment	22.22	HMM-based (lower-bound)	1.0		11	0.9544	2	2.9169	Viruses;Duplodnaviria;Heunggongvirae;Uroviricota;Caudoviricetes	dsDNA	Prokaryote	0.0	0.0	0.0	0.0	0.0	0.0	0.0	0.0	0.0	0.0	70.14912	0.0	0.0	0.0	41.320732
Gmega16	Gmega16_contig_4578	6552	No	11	1	0	Low-quality	Genome-fragment	4.55	HMM-based (lower-bound)	1.0		11	0.8797	2	5.402	Viruses;Duplodnaviria;Heunggongvirae;Uroviricota;Caudoviricetes	dsDNA	Prokaryote	0.0	330.78668	294.032	212.49919	0.0	282.97995	201.0745	240.13002	376.36832	209.28624	255.07748	192.99995	0.0	405.36258	294.2419
Gmega16	Gmega16_contig_4864	7933	No	15	3	0	Low-quality	Genome-fragment	4.33	HMM-based (lower-bound)	1.02		11	0.8986	1	6.7651	Viruses;Duplodnaviria;Heunggongvirae;Uroviricota;Caudoviricetes	dsDNA	Prokaryote	0.0	199.76085	0.0	0.0	0.0	275.86383	150.76741	254.1071	187.613	142.11075	183.71173	266.76547	0.0	0.0	226.4734
Gmega16	Gmega16_contig_5204	9521	No	16	1	0	Low-quality	Genome-fragment	5.97	HMM-based (lower-bound)	1.0		11	0.8483	0	4.2799	Viruses;Duplodnaviria;Heunggongvirae;Uroviricota;Caudoviricetes	dsDNA	Prokaryote	0.0	81.38569	55.25645	12.264794	0.0	101.624695	79.33959	71.89903	91.44279	72.49482	75.75166	88.54361	0.0	60.78252	92.19593
Gmega16	Gmega16_contig_5825	13222	No	26	3	0	Low-quality	Genome-fragment	8.38	HMM-based (lower-bound)	1.01		11	0.9602	0	7.0027	Viruses;Duplodnaviria;Heunggongvirae;Uroviricota;Caudoviricetes	dsDNA	Prokaryote	0.0	0.0	0.0	0.0	0.0	0.0	0.0	0.0	0.0	0.0	0.0	0.0	0.0	0.0	22.336538
Gmega16	Gmega16_contig_6616	13679	No	31	1	0	Low-quality	Genome-fragment	13.45	HMM-based (lower-bound)	1.0		11	0.8345	0	2.8423	Viruses;Duplodnaviria;Heunggongvirae;Uroviricota;Caudoviricetes	dsDNA	Prokaryote	0.0	0.0	0.0	0.0	0.0	5.925351	4.2731905	0.0	0.0	0.0	13.4540825	8.577239	0.0	0.0	20.390839
Gmega16	Gmega16_contig_7148	16754	No	23	1	0	Low-quality	Genome-fragment	20.87	HMM-based (lower-bound)	1.0		11	0.7583	2	5.951	Viruses;Duplodnaviria;Heunggongvirae;Uroviricota;Caudoviricetes	dsDNA	Prokaryote	0.0	28.862806	0.0	0.0	0.0	5.44255	11.003445	0.0	342.27432	0.0	86.393524	20.749592	0.0	0.0	134.16605
Gmega16	Gmega16_contig_8785	69976	No	112	4	0	Medium-quality	Genome-fragment	56.33	HMM-based (lower-bound)	1.0		11	0.9271	3	12.8423	Viruses;Duplodnaviria;Heunggongvirae;Uroviricota;Caudoviricetes	dsDNA	Prokaryote	0.0	0.0	0.0	0.0	0.0	0.0	0.0	0.0	0.0	0.0	497.35843	0.0	0.0	0.0	96.250854
Gmega16	Gmega16_contig_9646	21360	No	41	1	0	Low-quality	Genome-fragment	11.35	HMM-based (lower-bound)	1.0		11	0.7575	1	2.5043	Viruses;Duplodnaviria;Heunggongvirae;Uroviricota;Caudoviricetes	dsDNA	Prokaryote	0.0	0.0	0.0	0.0	0.0	0.0	0.0	0.0	0.0	0.0	61.709404	0.0	0.0	0.0	36.87063
Gmega16	Gmega16_contig_9871	8507	No	12	3	0	Low-quality	Genome-fragment	8.63	HMM-based (lower-bound)	1.0		11	0.9266	2	4.5183	Viruses;Duplodnaviria;Heunggongvirae;Uroviricota;Caudoviricetes	dsDNA	Prokaryote	0.0	0.0	0.0	0.0	0.0	0.0	0.0	0.0	0.0	0.0	43.26752	0.0	0.0	0.0	29.894812
Gmega17	Gmega17_contig_11862	5262	No	7	1	0	Low-quality	Genome-fragment	7.13	HMM-based (lower-bound)	1.0		11	0.8991	1	1.424	Unclassified	Unknown	Unknown	0.0	13.286463	0.0	4.2676487	0.0	5.7762885	20.508017	2.156242	89.66024	55.966408	51.98985	23.948881	0.0	0.0	48.330513
Gmega17	Gmega17_contig_11913	43841	No	69	3	3	Medium-quality	Genome-fragment	75.53	HMM-based (lower-bound)	1.1		11	0.8212	3	4.7056	Viruses;Duplodnaviria;Heunggongvirae;Uroviricota;Caudoviricetes	dsDNA	Prokaryote	0.0	26.578379	0.0	0.0	0.0	0.0	0.0	0.0	0.0	0.0	78.05752	0.0	0.0	0.0	84.01879
Gmega17	Gmega17_contig_12483	15121	No	21	2	0	Low-quality	Genome-fragment	16.58	HMM-based (lower-bound)	1.0		11	0.8228	1	4.8606	Viruses;Duplodnaviria;Heunggongvirae;Uroviricota;Caudoviricetes	dsDNA	Prokaryote	0.0	32.750458	0.0	0.0	0.0	19.431034	18.733688	3.7517838	239.63748	54.167374	127.302574	33.62354	0.0	0.0	124.241165
Gmega17	Gmega17_contig_12698	9477	No	23	2	0	Low-quality	Genome-fragment	10.4	HMM-based (lower-bound)	1.0		11	0.8197	0	1.031	Viruses;Duplodnaviria;Heunggongvirae;Uroviricota;Caudoviricetes	dsDNA	Prokaryote	0.0	0.0	0.0	0.0	0.0	0.0	0.0	0.0	0.0	0.0	14.170972	0.0	0.0	0.0	0.0
Gmega17	Gmega17_contig_12699	97158	No	171	9	0	Medium-quality	Genome-fragment	82.09	HMM-based (lower-bound)	1.01		11	0.9284	3	21.2438	Viruses;Duplodnaviria;Heunggongvirae;Uroviricota;Caudoviricetes	dsDNA	Prokaryote	0.0	0.0	0.0	0.0	0.0	0.0	0.0	0.0	0.0	0.0	30.153898	0.0	0.0	0.0	23.220133
Gmega17	Gmega17_contig_13362	11505	No	19	1	0	Low-quality	Genome-fragment	6.88	HMM-based (lower-bound)	1.01		11	0.8672	0	1.6705	Viruses;Duplodnaviria;Heunggongvirae;Uroviricota;Caudoviricetes	dsDNA	Prokaryote	0.0	38.992676	0.0	0.0	0.0	27.739738	232.53783	0.0	57.91792	247.97241	151.31714	257.59406	0.0	0.0	198.2297
Gmega17	Gmega17_contig_13470	36693	No	61	3	1	Low-quality	Genome-fragment	31.87	HMM-based (lower-bound)	1.0		11	0.948	2	7.4171	Viruses;Duplodnaviria;Heunggongvirae;Uroviricota;Caudoviricetes	dsDNA	Prokaryote	0.0	0.0	0.0	0.0	0.0	0.0	0.0	0.0	0.0	0.0	94.754684	0.0	0.0	0.0	26.605675
Gmega17	Gmega17_contig_13935	8119	No	12	2	0	Low-quality	Genome-fragment	3.62	HMM-based (lower-bound)	1.01		11	0.9096	1	2.4215	Viruses;Varidnaviria;Bamfordvirae	Unknown	Unknown	0.0	0.0	0.0	356.24832	0.0	265.80032	0.0	0.0	0.0	0.0	18.379152	0.0	0.0	0.0	0.0
Gmega17	Gmega17_contig_14312	59366	No	124	2	2	Low-quality	Genome-fragment	40.8	HMM-based (lower-bound)	1.0		11	0.9603	1	9.7955	Viruses;Duplodnaviria;Heunggongvirae;Uroviricota;Caudoviricetes	dsDNA	Prokaryote	0.0	0.0	0.0	0.0	0.0	0.0	0.0	0.0	0.0	0.0	10.975903	0.0	0.0	0.0	8.014949
Gmega17	Gmega17_contig_15035_1_1_63602	63602	Yes	105	5	1	Medium-quality	Genome-fragment	83.91	HMM-based (lower-bound)	1.02	1-63602	11	0.9616	2	12.7768	Viruses;Duplodnaviria;Heunggongvirae;Uroviricota;Caudoviricetes	dsDNA	Prokaryote	0.0	0.0	0.0	0.0	0.0	0.0	0.0	0.0	2.2177174	0.0	17.361567	0.0	0.0	0.0	13.285472
Gmega17	Gmega17_contig_15150	6471	No	21	1	0	Low-quality	Genome-fragment	6.87	HMM-based (lower-bound)	1.0		11	0.9629	0	6.4192	Viruses;Duplodnaviria;Heunggongvirae;Uroviricota;Caudoviricetes	dsDNA	Prokaryote	0.0	0.0	0.0	0.0	0.0	0.0	0.0	0.0	0.0	0.0	13.835913	0.0	0.0	0.0	0.0
Gmega17	Gmega17_contig_15151	10470	No	26	2	1	Low-quality	Genome-fragment	8.74	HMM-based (lower-bound)	1.0		11	0.9552	0	7.5034	Viruses;Duplodnaviria;Heunggongvirae;Uroviricota;Caudoviricetes	dsDNA	Prokaryote	0.0	0.0	0.0	0.0	0.0	0.0	0.0	0.0	0.0	0.0	24.703777	0.0	0.0	0.0	0.0
Gmega17	Gmega17_contig_15152	13861	No	23	1	0	Low-quality	Genome-fragment	7.0	HMM-based (lower-bound)	1.0		11	0.9518	0	4.6451	Viruses;Duplodnaviria;Heunggongvirae;Uroviricota;Caudoviricetes	dsDNA	Prokaryote	0.0	0.0	0.0	0.0	0.0	0.0	0.0	0.0	0.0	0.0	33.01414	0.0	0.0	0.0	2.9592795
Gmega17	Gmega17_contig_15345	66784	No	100	18	2	Medium-quality	Genome-fragment	88.35	HMM-based (lower-bound)	1.0		11	0.9635	5	39.2718	Viruses;Duplodnaviria;Heunggongvirae;Uroviricota;Caudoviricetes	dsDNA	Prokaryote	0.0	0.0	0.0	0.0	0.0	0.0	0.0	0.0	0.0	0.0	41.186928	0.0	0.0	0.0	8.475927
Gmega17	Gmega17_contig_15740	43772	No	74	3	1	Medium-quality	Genome-fragment	59.96	HMM-based (lower-bound)	1.0		11	0.9771	1	12.6933	Viruses;Duplodnaviria;Heunggongvirae;Uroviricota;Caudoviricetes	dsDNA	Prokaryote	0.0	0.0	0.0	0.0	0.0	0.0	0.0	0.0	0.0	0.0	14.658855	0.0	0.0	0.0	8.433866
Gmega17	Gmega17_contig_15876	58226	No	91	9	0	Medium-quality	Genome-fragment	88.58	HMM-based (lower-bound)	1.0		11	0.9431	6	9.1796	Viruses;Duplodnaviria;Heunggongvirae;Uroviricota;Caudoviricetes	dsDNA	Prokaryote	0.0	0.0	0.0	0.0	0.0	0.0	0.0	0.0	0.0	0.0	36.5623	0.0	0.0	0.0	6.762929
Gmega17	Gmega17_contig_16268	18198	No	26	9	0	Low-quality	Genome-fragment	41.32	HMM-based (lower-bound)	1.0		11	0.8954	8	13.8576	Viruses;Duplodnaviria;Heunggongvirae;Uroviricota;Caudoviricetes	dsDNA	Prokaryote	0.0	6.4030266	0.0	0.0	0.0	7.237659	0.0	2.0782769	5.3454633	0.0	11.479747	0.0	0.0	0.0	9.466865
Gmega17	Gmega17_contig_16841	11721	No	25	3	0	Low-quality	Genome-fragment	23.3	HMM-based (lower-bound)	1.0		11	0.933	1	1.3139	Viruses;Duplodnaviria;Heunggongvirae;Uroviricota;Caudoviricetes	dsDNA	Prokaryote	0.0	0.0	0.0	0.0	0.0	0.0	0.0	0.0	0.0	0.0	8.911716	0.0	0.0	0.0	2.099748
Gmega17	Gmega17_contig_17207	30520	No	58	1	0	Low-quality	Genome-fragment	27.09	HMM-based (lower-bound)	1.01		11	0.9639	0	4.767	Viruses;Duplodnaviria;Heunggongvirae;Uroviricota;Caudoviricetes	dsDNA	Prokaryote	0.0	0.0	0.0	0.0	0.0	0.0	0.0	0.0	0.0	0.0	8.637698	0.0	0.0	0.0	0.0
Gmega17	Gmega17_contig_17315	28914	No	47	3	0	Low-quality	Genome-fragment	29.32	HMM-based (lower-bound)	1.01		11	0.9371	3	6.2418	Viruses;Duplodnaviria;Heunggongvirae;Uroviricota;Caudoviricetes	dsDNA	Prokaryote	0.0	0.0	0.0	0.0	0.0	0.0	0.0	0.0	0.0	0.0	26.14822	0.0	0.0	0.0	11.349125
Gmega17	Gmega17_contig_17880	6632	No	16	1	0	Low-quality	Genome-fragment	6.22	HMM-based (lower-bound)	1.0		11	0.8135	0	1.7098	Viruses;Duplodnaviria;Heunggongvirae;Uroviricota;Caudoviricetes	dsDNA	Prokaryote	0.0	403.22467	261.9503	0.0	0.0	428.51578	369.50067	415.72876	256.6862	237.29025	331.50073	471.76538	0.0	491.7783	0.0
Gmega17	Gmega17_contig_18183	17173	No	19	2	0	Low-quality	Genome-fragment	30.09	HMM-based (lower-bound)	1.0		11	0.9304	0	10.9624	Viruses;Duplodnaviria;Heunggongvirae;Uroviricota;Caudoviricetes	dsDNA	Prokaryote	0.0	0.0	1.9835678	0.0	15.291426	0.0	0.0	0.0	6.7974195	7.234623	19.11633	12.145996	0.0	0.0	24.363213
Gmega17	Gmega17_contig_18719	9194	No	16	2	0	Low-quality	Genome-fragment	13.81	HMM-based (lower-bound)	1.01		11	0.7645	1	1.7165	Viruses;Duplodnaviria;Heunggongvirae;Uroviricota;Caudoviricetes	dsDNA	Prokaryote	0.0	0.0	0.0	0.0	0.0	0.0	0.0	0.0	0.0	0.0	12.984148	0.0	0.0	0.0	0.0
Gmega17	Gmega17_contig_19116	12785	No	19	4	0	Low-quality	Genome-fragment	25.99	HMM-based (lower-bound)	1.0		11	0.9707	2	12.6553	Viruses;Duplodnaviria;Heunggongvirae;Uroviricota;Caudoviricetes	dsDNA	Prokaryote	0.0	0.0	0.0	0.0	0.0	0.0	0.0	0.0	0.0	0.0	11.282464	0.33988917	0.0	0.0	5.775004
Gmega17	Gmega17_contig_19117	42793	No	82	7	0	Medium-quality	Genome-fragment	79.37	HMM-based (lower-bound)	1.0		11	0.9716	7	37.9691	Viruses;Duplodnaviria;Heunggongvirae;Uroviricota;Caudoviricetes	dsDNA	Prokaryote	0.0	0.0	0.0	0.0	0.0	0.0	0.0	0.0	0.0	0.0	15.807853	0.0	0.0	0.0	9.777054
Gmega17	Gmega17_contig_20270	10319	No	20	4	0	Low-quality	Genome-fragment	15.19	HMM-based (lower-bound)	1.0		11	0.9656	3	12.7554	Viruses;Duplodnaviria;Heunggongvirae;Uroviricota;Caudoviricetes	dsDNA	Prokaryote	0.0	0.0	0.0	0.0	0.0	0.0	0.0	0.0	0.0	0.0	19.28098	0.0	0.0	0.0	0.0
Gmega17	Gmega17_contig_20493	58424	No	95	8	1	Medium-quality	Genome-fragment	75.96	HMM-based (lower-bound)	1.0		11	0.9673	5	21.0437	Viruses;Duplodnaviria;Heunggongvirae;Uroviricota;Caudoviricetes	dsDNA	Prokaryote	0.0	0.0	0.0	0.0	0.0	0.0	0.0	0.0	0.0	0.0	68.875374	0.0	0.0	0.0	19.939194
Gmega17	Gmega17_contig_20705	8010	No	11	1	0	Low-quality	Genome-fragment	11.98	HMM-based (lower-bound)	1.0		11	0.8239	1	1.08	Viruses;Duplodnaviria;Heunggongvirae;Uroviricota;Caudoviricetes	dsDNA	Prokaryote	0.0	0.0	0.0	0.0	0.0	0.0	0.0	0.0	0.0	0.0	11.177552	0.0	0.0	0.0	5.1209207
Gmega17	Gmega17_contig_20803	9008	No	22	1	0	Low-quality	Genome-fragment	4.1	HMM-based (lower-bound)	1.0		11	0.9486	0	6.1669	Viruses;Duplodnaviria;Heunggongvirae;Uroviricota;Caudoviricetes	dsDNA	Prokaryote	0.0	0.0	0.0	0.0	0.0	0.0	0.0	0.0	0.0	0.0	18.221842	0.0	0.0	0.0	0.0
Gmega17	Gmega17_contig_20804	10350	No	19	5	0	Low-quality	Genome-fragment	11.17	HMM-based (lower-bound)	1.01		11	0.9505	1	8.1813	Viruses;Duplodnaviria;Heunggongvirae;Uroviricota;Caudoviricetes	dsDNA	Prokaryote	0.0	0.0	0.0	0.0	0.0	0.0	0.0	0.0	0.0	0.0	15.378585	0.0	0.0	0.0	0.0
Gmega17	Gmega17_contig_20944	27630	No	58	3	1	Low-quality	Genome-fragment	14.38	HMM-based (lower-bound)	1.0		11	0.8957	1	1.7183	Unclassified	Unknown	Unknown	0.0	0.0	0.0	0.0	0.0	0.0	0.0	0.0	0.0	0.0	9.901216	0.0	0.0	0.0	2.6722195
Gmega17	Gmega17_contig_21151	35184	No	85	1	0	Low-quality	Genome-fragment	9.52	HMM-based (lower-bound)	1.0		11	0.9416	1	9.2814	Viruses;Duplodnaviria;Heunggongvirae;Uroviricota;Caudoviricetes	dsDNA	Prokaryote	0.0	805.92584	0.0	0.0	0.0	0.0	738.5344	0.0	0.0	0.0	568.313	714.98413	0.0	0.0	549.33923
Gmega17	Gmega17_contig_21180	14710	No	24	6	0	Low-quality	Genome-fragment	21.51	HMM-based (lower-bound)	1.0		11	0.9791	3	11.1977	Viruses;Duplodnaviria;Heunggongvirae;Uroviricota;Caudoviricetes	dsDNA	Prokaryote	0.0	0.0	0.0	0.0	0.0	0.0	0.0	0.0	0.0	0.0	17.921318	0.0	0.0	0.0	7.2500534
Gmega17	Gmega17_contig_21655	9482	No	13	2	0	Low-quality	Genome-fragment	11.5	HMM-based (lower-bound)	1.0		11	0.8236	1	2.6101	Viruses;Duplodnaviria;Heunggongvirae;Uroviricota;Caudoviricetes	dsDNA	Prokaryote	0.0	0.0	0.0	0.0	0.0	0.0	0.0	0.0	0.0	0.0	40.392197	0.0	0.0	0.0	42.394226
Gmega17	Gmega17_contig_22655	6941	No	16	2	0	Low-quality	Genome-fragment	11.85	AAI-based (medium-confidence)	1.0		11	0.9753	1	16.3988	Viruses;Duplodnaviria;Heunggongvirae;Uroviricota;Caudoviricetes	dsDNA	Prokaryote	8.288265	0.0	0.0	0.0	0.91164124	0.0	0.0	0.0	0.0	13.921804	56.61243	7.5127215	61.249557	0.0	41.36724
Gmega17	Gmega17_contig_22920	31519	No	68	2	1	Low-quality	Genome-fragment	26.3	HMM-based (lower-bound)	1.0		11	0.9438	1	8.1191	Viruses;Duplodnaviria;Heunggongvirae;Uroviricota;Caudoviricetes	dsDNA	Prokaryote	0.0	0.0	0.0	0.0	0.0	0.0	0.0	0.0	0.0	0.0	9.4685955	0.0	0.0	0.0	4.4247327
Gmega17	Gmega17_contig_23240	38677	No	69	7	3	Low-quality	Genome-fragment	39.02	HMM-based (lower-bound)	1.0		11	0.9597	5	13.1111	Viruses;Duplodnaviria;Heunggongvirae;Uroviricota;Caudoviricetes	dsDNA	Prokaryote	0.0	0.0	0.0	0.0	0.0	0.0	0.0	0.0	0.0	0.0	29.45028	0.0	0.0	0.0	9.332768
Gmega17	Gmega17_contig_23337	11653	No	38	1	0	Low-quality	Genome-fragment	10.43	HMM-based (lower-bound)	1.01		11	0.9658	0	5.9395	Viruses;Duplodnaviria;Heunggongvirae;Uroviricota;Caudoviricetes	dsDNA	Prokaryote	0.0	0.0	0.0	0.0	0.0	0.0	0.0	0.0	0.0	0.0	7.2563443	0.0	0.0	0.0	0.0
Gmega17	Gmega17_contig_24025	8821	No	20	3	0	Low-quality	Genome-fragment	5.05	HMM-based (lower-bound)	1.0		11	0.7522	0	1.2866	Viruses;Duplodnaviria;Heunggongvirae;Uroviricota;Caudoviricetes	dsDNA	Prokaryote	0.0	7.925787	0.0	0.0	0.0	0.0	0.0	0.0	0.0	0.0	0.0	0.0	0.0	0.0	0.0
Gmega17	Gmega17_contig_24035	6770	No	8	1	0	Low-quality	Genome-fragment	10.13	HMM-based (lower-bound)	1.0		11	0.8689	3	7.3652	Viruses;Duplodnaviria;Heunggongvirae;Uroviricota;Caudoviricetes	dsDNA	Prokaryote	0.0	735.7943	382.40027	935.4055	75.7081	891.19257	333.40976	494.96228	382.20996	244.00803	457.7266	288.84305	0.0	379.85526	412.00342
Gmega17	Gmega17_contig_24244	8575	No	12	1	0	Low-quality	Genome-fragment	20.4	HMM-based (lower-bound)	1.0		11	0.8371	0	2.1762	Unclassified	Unknown	Unknown	0.0	0.0	0.0	0.0	0.0	0.0	0.0	0.0	0.0	0.0	18.561907	0.0	0.0	0.0	22.004133
Gmega17	Gmega17_contig_24589	11022	No	21	1	0	Low-quality	Genome-fragment	9.8	HMM-based (lower-bound)	1.0		11	0.9528	1	5.1362	Viruses;Duplodnaviria;Heunggongvirae;Uroviricota;Caudoviricetes	dsDNA	Prokaryote	0.0	0.0	0.0	0.0	0.0	0.0	0.0	0.0	0.0	0.0	37.004982	0.0	0.0	0.0	5.9544287
Gmega17	Gmega17_contig_24592	11408	No	25	1	0	Low-quality	Genome-fragment	5.25	HMM-based (lower-bound)	1.0		11	0.9075	1	2.8733	Viruses;Duplodnaviria;Heunggongvirae;Uroviricota;Caudoviricetes	dsDNA	Prokaryote	0.0	0.0	13.602699	0.0	0.0	0.0	0.0	0.0	0.0	0.0	31.392773	0.0	0.0	7.390903	0.0
Gmega17	Gmega17_contig_25209	60434	No	122	7	2	Low-quality	Genome-fragment	32.9	HMM-based (lower-bound)	1.0		11	0.9438	0	17.2982	Viruses;Duplodnaviria;Heunggongvirae;Uroviricota;Caudoviricetes	dsDNA	Prokaryote	0.0	0.0	746.21405	0.0	0.0	0.0	0.0	0.0	0.0	0.0	230.53587	0.0	0.0	743.7499	215.97296
Gmega17	Gmega17_contig_25262	67970	No	90	7	2	High-quality	High-quality	94.95	HMM-based (lower-bound)	1.0		11	0.9746	8	32.8062	Viruses;Duplodnaviria;Heunggongvirae;Uroviricota;Caudoviricetes	dsDNA	Prokaryote	0.0	0.0	0.0	0.0	0.0	0.0	0.0	0.0	0.0	0.0	31.247648	0.0	0.0	0.0	12.914483
Gmega17	Gmega17_contig_25328	17556	No	29	6	0	Low-quality	Genome-fragment	23.35	HMM-based (lower-bound)	1.01		11	0.9692	6	22.1187	Viruses;Duplodnaviria;Heunggongvirae;Uroviricota;Caudoviricetes	dsDNA	Prokaryote	0.0	0.0	0.0	0.0	0.0	0.0	0.0	0.0	0.0	0.0	25.782352	0.0	0.0	0.0	5.6074605
Gmega17	Gmega17_contig_26460_1_2440_9145	6706	Yes	8	2	0	Low-quality	Genome-fragment	8.13	HMM-based (lower-bound)	1.0	2440-9145	11	0.9374	3	4.5099	Viruses;Duplodnaviria;Heunggongvirae;Uroviricota;Caudoviricetes	dsDNA	Prokaryote	0.0	0.0	2.257601	0.0	0.0	0.0	1.3410028	0.0	0.0	3.4308739	4.4503527	0.0	0.0	8.001083	4.8933578
Gmega17	Gmega17_contig_27008	15419	No	21	2	0	Low-quality	Genome-fragment	15.5	HMM-based (lower-bound)	1.0		11	0.9602	1	3.139	Viruses;Duplodnaviria;Heunggongvirae;Uroviricota;Caudoviricetes	dsDNA	Prokaryote	0.0	0.0	0.0	0.0	0.0	0.0	6.9987144	0.0	9.463331	0.0	13.226178	3.9455714	0.0	0.0	2.6602616
Gmega17	Gmega17_contig_28680	12997	No	25	2	1	Low-quality	Genome-fragment	6.91	HMM-based (lower-bound)	1.0		11	0.8838	2	4.0859	Viruses;Duplodnaviria;Heunggongvirae;Uroviricota;Caudoviricetes	dsDNA	Prokaryote	0.0	0.0	0.0	0.0	0.0	0.0	0.0	0.0	0.0	0.0	5.3578634	0.0	0.0	0.0	0.0
Gmega17	Gmega17_contig_29157	9117	No	18	9	0	Low-quality	Genome-fragment	8.4	HMM-based (lower-bound)	1.0		11	0.9811	3	24.0234	Viruses;Duplodnaviria;Heunggongvirae;Uroviricota;Caudoviricetes	dsDNA	Prokaryote	0.0	0.0	0.0	0.0	0.0	0.0	0.0	0.0	0.0	0.0	15.821686	0.0	8.08902	0.0	12.597566
Gmega17	Gmega17_contig_29259	7604	No	16	3	0	Low-quality	Genome-fragment	11.96	HMM-based (lower-bound)	1.0		11	0.8894	1	1.5085	Viruses;Duplodnaviria;Heunggongvirae;Uroviricota;Caudoviricetes	dsDNA	Prokaryote	0.0	0.0	0.0	0.0	0.0	0.0	0.0	0.0	0.0	0.0	24.20284	0.0	0.0	0.0	11.867552
Gmega17	Gmega17_contig_29633	57095	No	97	28	1	Medium-quality	Genome-fragment	67.35	HMM-based (lower-bound)	1.0		11	0.9749	6	34.422	Viruses;Duplodnaviria;Heunggongvirae;Uroviricota;Caudoviricetes	dsDNA	Prokaryote	0.0	0.0	0.0	0.0	0.0	0.0	0.0	0.0	0.0	0.0	46.608208	0.0	0.0	0.0	17.24224
Gmega17	Gmega17_contig_29884	6222	No	9	1	0	Low-quality	Genome-fragment	8.58	HMM-based (lower-bound)	1.0		11	0.978	0	5.1524	Unclassified	Unknown	Unknown	1.5410063	0.0	0.0	0.0	0.0	0.0	0.0	0.0	0.0	0.0	13.590193	0.0	11.155497	0.0	0.0
Gmega17	Gmega17_contig_29935	11576	No	24	2	0	Low-quality	Genome-fragment	5.47	HMM-based (lower-bound)	1.0		11	0.934	0	1.7183	Viruses;Duplodnaviria;Heunggongvirae;Uroviricota;Caudoviricetes	dsDNA	Prokaryote	0.0	0.0	0.0	0.0	0.0	0.0	0.0	0.0	0.0	0.0	34.37464	0.0	0.0	0.0	9.921562
Gmega17	Gmega17_contig_30136	12218	No	26	3	0	Low-quality	Genome-fragment	18.16	HMM-based (lower-bound)	1.0		11	0.8697	2	4.6463	Viruses;Duplodnaviria;Heunggongvirae;Uroviricota;Caudoviricetes	dsDNA	Prokaryote	0.0	0.0	0.0	0.0	0.0	0.0	0.0	0.0	0.0	0.0	11.398944	0.0	0.0	0.0	0.0
Gmega17	Gmega17_contig_30508	8923	No	13	2	0	Low-quality	Genome-fragment	10.82	HMM-based (lower-bound)	1.05		11	0.8713	4	7.3951	Viruses;Duplodnaviria;Heunggongvirae;Uroviricota;Caudoviricetes	dsDNA	Prokaryote	0.0	0.0	0.0	0.0	0.0	0.0	0.0	0.0	0.0	0.0	45.709843	0.0	0.0	0.0	16.549015
Gmega17	Gmega17_contig_30562	24323	No	39	2	1	Low-quality	Genome-fragment	11.33	HMM-based (lower-bound)	1.0		11	0.9731	0	7.4358	Viruses;Duplodnaviria;Heunggongvirae;Uroviricota;Caudoviricetes	dsDNA	Prokaryote	0.0	0.0	0.0	0.0	0.0	0.0	0.0	0.0	0.0	0.0	11.656401	0.0	0.0	0.0	0.0
Gmega17	Gmega17_contig_30579	6617	No	8	1	0	Low-quality	Genome-fragment	10.01	HMM-based (lower-bound)	1.0		11	0.9658	2	8.2349	Viruses;Duplodnaviria;Heunggongvirae;Uroviricota;Caudoviricetes	dsDNA	Prokaryote	0.0	0.0	0.0	0.0	0.0	0.0	0.0	0.0	0.0	0.0	16.537441	0.0	0.0	0.0	9.918349
Gmega17	Gmega17_contig_31263	17900	No	24	1	0	Low-quality	Genome-fragment	9.51	HMM-based (lower-bound)	1.0		11	0.8064	1	1.7183	Viruses;Duplodnaviria;Heunggongvirae;Uroviricota;Caudoviricetes	dsDNA	Prokaryote	0.0	0.0	0.0	0.0	0.0	0.0	0.0	0.0	0.0	0.0	39.45863	0.0	0.0	0.0	18.790632
Gmega17	Gmega17_contig_31372	5893	No	10	1	0	Low-quality	Genome-fragment	8.82	HMM-based (lower-bound)	1.0		11	0.9563	2	3.8643	Viruses;Duplodnaviria;Heunggongvirae;Uroviricota;Caudoviricetes	dsDNA	Prokaryote	0.0	0.0	0.0	0.0	0.0	0.0	0.0	0.0	0.0	0.0	7.5964866	0.0	0.0	0.0	0.0
Gmega17	Gmega17_contig_31589	55736	No	91	21	2	Medium-quality	Genome-fragment	71.59	HMM-based (lower-bound)	1.0		11	0.9767	8	33.158	Viruses;Duplodnaviria;Heunggongvirae;Uroviricota;Caudoviricetes	dsDNA	Prokaryote	0.0	0.0	0.0	0.0	0.0	0.0	0.0	0.0	0.0	0.0	37.03557	0.0	0.0	0.0	14.130124
Gmega17	Gmega17_contig_32558	10511	No	23	2	0	Low-quality	Genome-fragment	11.74	HMM-based (lower-bound)	1.0		11	0.9359	1	3.7137	Viruses;Duplodnaviria;Heunggongvirae;Uroviricota;Caudoviricetes	dsDNA	Prokaryote	0.0	0.0	0.0	0.0	0.0	0.0	0.0	0.0	0.0	0.0	31.70571	0.0	0.0	0.0	12.487817
Gmega17	Gmega17_contig_33219	6795	No	10	1	0	Low-quality	Genome-fragment	14.85	HMM-based (lower-bound)	1.0		11	0.8795	0	1.3102	Unclassified	Unknown	Unknown	0.0	0.0	0.0	0.0	0.0	0.0	0.0	0.0	0.0	0.0	7.320104	0.0	0.0	0.0	0.0
Gmega17	Gmega17_contig_33558	21679	No	34	1	1	Low-quality	Genome-fragment	30.34	HMM-based (lower-bound)	1.0		11	0.9654	0	7.7938	Viruses;Duplodnaviria;Heunggongvirae;Uroviricota;Caudoviricetes	dsDNA	Prokaryote	0.0	0.0	0.0	0.0	0.0	0.0	0.0	0.0	0.0	0.0	103.93593	0.0	0.0	0.0	77.57561
Gmega17	Gmega17_contig_33758	8385	No	17	2	0	Low-quality	Genome-fragment	5.66	HMM-based (lower-bound)	1.0		11	0.8052	0	1.7183	Unclassified	Unknown	Unknown	0.0	0.0	0.0	0.0	0.0	0.0	0.0	0.0	0.0	0.0	24.914543	0.0	0.0	0.0	9.783798
Gmega17	Gmega17_contig_34264	5554	No	11	1	0	Low-quality	Genome-fragment	8.3	HMM-based (lower-bound)	1.0		11	0.8776	0	1.7015	Unclassified	Unknown	Unknown	0.0	6.2939653	8.859072	0.0	0.0	3.6484013	3.2383025	10.21439	2.6272075	1.6569997	6.2690086	2.3472183	0.0	5.5203733	7.3854113
Gmega17	Gmega17_contig_35147	11175	No	13	2	0	Low-quality	Genome-fragment	13.57	HMM-based (lower-bound)	1.0		11	0.916	3	7.6412	Viruses;Duplodnaviria;Heunggongvirae;Uroviricota;Caudoviricetes	dsDNA	Prokaryote	0.0	0.0	0.0	0.0	0.0	0.0	0.0	0.0	0.0	0.0	56.97301	0.0	0.0	0.0	11.011698
Gmega17	Gmega17_contig_35339	20906	No	35	1	0	Low-quality	Genome-fragment	10.93	HMM-based (lower-bound)	1.0		11	0.8898	0	1.5242	Viruses;Varidnaviria;Bamfordvirae;Nucleocytoviricota;Megaviricetes;Imitervirales;Mimiviridae	dsDNA	Eukaryote	0.0	0.0	0.0	0.0	0.0	0.0	0.0	0.0	0.0	0.0	44.49153	0.0	0.0	0.0	0.0
Gmega17	Gmega17_contig_35738	10680	No	12	2	0	Low-quality	Genome-fragment	12.97	HMM-based (lower-bound)	1.0		11	0.936	3	5.2365	Viruses;Duplodnaviria;Heunggongvirae;Uroviricota;Caudoviricetes	dsDNA	Prokaryote	0.0	0.0	0.0	0.0	0.0	0.0	0.0	0.0	0.0	0.0	71.2569	0.0	0.0	0.0	0.0
Gmega17	Gmega17_contig_35880	8362	No	11	3	0	Low-quality	Genome-fragment	9.34	HMM-based (lower-bound)	1.0		11	0.8851	2	6.1782	Viruses;Duplodnaviria;Heunggongvirae;Uroviricota;Caudoviricetes	dsDNA	Prokaryote	0.0	0.0	0.0	0.0	0.0	0.0	0.0	0.0	0.0	0.0	337.27148	0.0	0.0	0.0	302.16983
Gmega17	Gmega17_contig_36854	14987	No	25	9	0	Low-quality	Genome-fragment	36.15	HMM-based (lower-bound)	1.0		11	0.9396	5	15.9303	Viruses;Duplodnaviria;Heunggongvirae;Uroviricota;Caudoviricetes	dsDNA	Prokaryote	0.0	11.662335	5.050868	16.781965	0.0	5.408212	36.902317	19.936064	26.287502	8.596895	34.848278	32.18447	0.0	0.0	26.274658
Gmega17	Gmega17_contig_38305	11255	No	16	1	0	Low-quality	Genome-fragment	16.84	HMM-based (lower-bound)	1.0		11	0.9574	2	2.5833	Viruses;Duplodnaviria;Heunggongvirae;Uroviricota;Caudoviricetes	dsDNA	Prokaryote	0.0	0.0	0.0	0.0	0.0	0.0	0.0	0.0	0.0	0.0	28.725962	0.0	0.0	0.0	0.0
Gmega17	Gmega17_contig_38351	7334	No	13	1	0	Low-quality	Genome-fragment	5.69	HMM-based (lower-bound)	1.0		11	0.8911	2	4.4715	Viruses;Duplodnaviria;Heunggongvirae;Uroviricota;Caudoviricetes	dsDNA	Prokaryote	2.2878711	1445.8041	879.38574	366.20963	240.71843	1685.3782	1313.8462	1463.0039	1010.7018	1175.155	1194.3323	1717.1	8.281062	1129.7936	1486.6017
Gmega17	Gmega17_contig_38451	49441	No	61	26	0	Medium-quality	Genome-fragment	64.45	HMM-based (lower-bound)	1.0		11	0.9744	11	52.7276	Viruses;Duplodnaviria;Heunggongvirae;Uroviricota;Caudoviricetes	dsDNA	Prokaryote	0.0	0.0	0.0	0.0	0.0	0.0	0.0	0.0	0.0	0.0	48.99463	0.0	0.0	0.0	28.705784
Gmega17	Gmega17_contig_38469	44525	No	85	12	0	Low-quality	Genome-fragment	46.44	HMM-based (lower-bound)	1.0		11	0.9684	5	27.0752	Viruses;Duplodnaviria;Heunggongvirae;Uroviricota;Caudoviricetes	dsDNA	Prokaryote	0.0	0.0	0.0	0.0	0.0	0.0	0.0	0.0	0.0	0.0	34.966095	0.0	0.0	0.0	16.213968
Gmega17	Gmega17_contig_38563	10146	No	24	1	0	Low-quality	Genome-fragment	10.26	HMM-based (lower-bound)	1.0		11	0.8636	0	0.0	Unclassified	Unknown	Unknown	0.0	0.0	0.0	0.0	0.0	0.0	0.0	0.0	0.0	0.0	130.40479	0.0	0.0	0.0	18.597027
Gmega17	Gmega17_contig_38618	27574	No	36	4	1	Low-quality	Genome-fragment	40.11	HMM-based (lower-bound)	1.0		11	0.9635	7	15.8761	Viruses;Duplodnaviria;Heunggongvirae;Uroviricota;Caudoviricetes	dsDNA	Prokaryote	0.0	0.0	0.0	0.0	0.0	0.0	0.0	0.0	0.0	0.0	32.469788	0.0	0.0	0.0	4.4627447
Gmega17	Gmega17_contig_38738	19448	No	46	1	1	Low-quality	Genome-fragment	12.42	HMM-based (lower-bound)	1.0		11	0.7064	0	0.0	Unclassified	Unknown	Unknown	0.0	0.0	0.0	0.0	0.0	0.0	0.0	0.0	0.0	0.0	41.688797	0.0	0.0	0.0	0.0
Gmega17	Gmega17_contig_3943	6849	No	6	2	0	Low-quality	Genome-fragment	9.81	HMM-based (lower-bound)	1.0		11	0.955	0	5.81	Viruses;Duplodnaviria;Heunggongvirae;Uroviricota;Caudoviricetes	dsDNA	Prokaryote	0.0	543.56647	296.20227	0.0	0.0	669.3756	0.0	420.77975	0.0	0.0	388.53784	0.0	0.0	384.98657	444.3828
Gmega17	Gmega17_contig_5443	12853	No	17	1	1	Low-quality	Genome-fragment	8.06	HMM-based (lower-bound)	1.0		11	0.708	0	2.8342	Viruses;Duplodnaviria;Heunggongvirae;Uroviricota;Caudoviricetes	dsDNA	Prokaryote	0.0	254.29472	209.66515	37.389423	0.0	327.5254	183.31165	234.8148	186.18282	168.62218	245.74005	193.38803	0.0	331.27896	267.4361
Gmega17	Gmega17_contig_6036	7985	No	12	3	0	Low-quality	Genome-fragment	9.12	HMM-based (lower-bound)	1.0		11	0.8136	1	5.1218	Viruses;Duplodnaviria;Heunggongvirae;Uroviricota;Caudoviricetes	dsDNA	Prokaryote	0.0	506.36484	375.40582	638.95886	997.4946	453.60678	607.02576	359.02225	605.467	440.2676	752.4866	501.75775	0.0	368.61295	752.05
Gmega17	Gmega17_contig_8529	9155	No	16	5	0	Low-quality	Genome-fragment	9.97	HMM-based (lower-bound)	1.03		11	0.9559	1	8.5914	Viruses;Duplodnaviria;Heunggongvirae;Uroviricota;Caudoviricetes	dsDNA	Prokaryote	0.0	0.0	0.0	0.0	0.0	0.0	0.9822791	1.6524514	0.0	0.0	0.0	0.0	0.0	0.0	0.0
Gmega17	Gmega17_contig_8777	6566	No	7	1	0	Low-quality	Genome-fragment	12.37	HMM-based (lower-bound)	1.0		11	0.7164	0	2.7839	Viruses;Duplodnaviria;Heunggongvirae;Uroviricota;Caudoviricetes	dsDNA	Prokaryote	0.0	283.05365	0.0	0.0	1071.8835	232.22772	195.85217	0.0	166.67122	170.9965	428.01038	404.3695	0.0	170.43794	640.9543
Gmega17	Gmega17_contig_9466	5474	No	10	1	0	Low-quality	Genome-fragment	13.69	AAI-based (medium-confidence)	1.0		11	0.8497	1	2.6535	Viruses;Duplodnaviria;Heunggongvirae;Uroviricota;Caudoviricetes	dsDNA	Prokaryote	0.0	13.836222	11.754249	15.589003	0.0	11.105163	56.677097	14.509135	59.531803	0.0	27.259832	53.18732	0.0	7.7014446	20.981367
Paratimea	Paratimea_contig_10025	8833	No	9	1	0	Low-quality	Genome-fragment	0.7	HMM-based (lower-bound)	1.48		4	0.9359	0	1.7183	Unclassified	Unknown	Unknown	0.0	0.0	0.0	0.0	361.0508	0.0	0.0	0.0	0.0	0.0	0.0	0.0	0.0	0.0	0.0
Paratimea	Paratimea_contig_10515	6085	No	6	2	0	Low-quality	Genome-fragment	0.49	HMM-based (lower-bound)	2.7		4	0.8228	0	0.0	Unclassified	Unknown	Unknown	0.0	0.0	0.0	0.0	95.92942	0.0	0.0	0.0	0.0	0.0	0.0	0.0	0.0	0.0	0.0
Paratimea	Paratimea_contig_10520	7255	No	8	1	0	Low-quality	Genome-fragment	0.58	HMM-based (lower-bound)	2.25		4	0.9546	0	1.3705	Viruses;Duplodnaviria;Heunggongvirae;Uroviricota;Caudoviricetes	dsDNA	Prokaryote	0.0	0.0	0.0	0.0	65.19583	0.0	0.0	0.0	0.0	0.0	0.0	0.0	0.0	0.0	0.0
Paratimea	Paratimea_contig_11936	7431	No	11	2	0	Low-quality	Genome-fragment	9.02	HMM-based (lower-bound)	1.0		11	0.8932	1	3.1149	Viruses;Duplodnaviria;Heunggongvirae;Uroviricota;Caudoviricetes	dsDNA	Prokaryote	0.0	0.0	0.0	0.0	30.86788	0.0	0.0	0.0	0.0	0.0	0.0	0.0	0.0	0.0	0.0
Paratimea	Paratimea_contig_11937	8751	No	10	2	0	Low-quality	Genome-fragment	10.61	HMM-based (lower-bound)	1.0		11	0.8581	2	4.2051	Viruses;Duplodnaviria;Heunggongvirae;Uroviricota;Caudoviricetes	dsDNA	Prokaryote	0.0	0.0	0.0	0.0	2877.3293	0.0	0.0	0.0	0.0	0.0	0.0	0.0	0.0	0.0	0.0
Paratimea	Paratimea_contig_12173	13971	No	27	6	1	Low-quality	Genome-fragment	15.77	HMM-based (lower-bound)	1.01		11	0.7624	3	7.3523	Viruses;Duplodnaviria;Heunggongvirae;Uroviricota;Caudoviricetes	dsDNA	Prokaryote	0.0	0.0	0.0	0.0	21.853241	0.0	0.0	0.0	0.0	0.0	0.0	0.0	0.0	0.0	0.0
Paratimea	Paratimea_contig_1249_174639_193857	19219	Yes	24	13	0	Low-quality	Genome-fragment	31.63	HMM-based (lower-bound)	1.04	174639-193857	11	0.8534	10	24.5156	Viruses;Duplodnaviria;Heunggongvirae;Uroviricota;Caudoviricetes	dsDNA	Prokaryote	0.0	0.0	0.0	0.0	11.3588505	0.0	0.0	0.0	0.0	0.0	0.0	0.0	0.0	0.0	0.0
Paratimea	Paratimea_contig_12693	5022	No	7	1	0	Low-quality	Genome-fragment	0.4	HMM-based (lower-bound)	1.78		4	0.9476	0	1.7104	Unclassified	Unknown	Unknown	0.0	0.0	0.0	0.0	36.2249	0.0	0.0	0.0	0.0	0.0	0.0	0.0	0.0	0.0	0.0
Paratimea	Paratimea_contig_13166	21455	No	32	4	0	Low-quality	Genome-fragment	47.06	HMM-based (lower-bound)	1.0		11	0.8121	5	11.4653	Viruses;Duplodnaviria;Heunggongvirae;Uroviricota;Caudoviricetes	dsDNA	Prokaryote	0.0	0.0	0.0	0.0	10.175052	0.0	0.0	0.0	0.0	0.0	0.0	0.0	0.0	0.0	0.0
Paratimea	Paratimea_contig_13224	16533	No	16	1	0	Low-quality	Genome-fragment	1.32	HMM-based (lower-bound)	2.83		4	0.975	0	5.6012	Viruses;Duplodnaviria;Heunggongvirae;Uroviricota;Caudoviricetes	dsDNA	Prokaryote	0.0	0.0	0.0	0.0	97.11816	0.0	0.0	0.0	0.0	0.0	0.0	0.0	0.0	0.0	0.0
Paratimea	Paratimea_contig_13251_107149_123603	16455	Yes	27	1	1	Low-quality	Genome-fragment	2.99	HMM-based (lower-bound)	1.01	107149-123603	11	0.8465	0	8.6963	Viruses;Duplodnaviria;Heunggongvirae;Uroviricota;Caudoviricetes	dsDNA	Prokaryote	0.0	0.0	0.0	0.0	59.989155	0.0	0.0	0.0	0.0	0.0	0.0	0.0	0.0	0.0	0.0
Paratimea	Paratimea_contig_13351	7047	No	13	3	0	Low-quality	Genome-fragment	7.15	HMM-based (lower-bound)	1.0		11	0.9087	3	4.4633	Viruses;Duplodnaviria;Heunggongvirae;Uroviricota;Caudoviricetes	dsDNA	Prokaryote	0.0	0.0	0.0	0.0	6.5099816	0.0	0.0	0.0	0.0	0.0	0.0	0.0	0.0	0.0	0.0
Paratimea	Paratimea_contig_14134	9122	No	12	2	0	Low-quality	Genome-fragment	0.73	HMM-based (lower-bound)	3.4		4	0.9441	0	1.7104	Unclassified	Unknown	Unknown	0.0	0.0	0.0	0.0	118.791824	0.0	0.0	0.0	0.0	0.0	0.0	0.0	0.0	0.0	0.0
Paratimea	Paratimea_contig_14438	10250	No	18	3	0	Low-quality	Genome-fragment	10.49	HMM-based (lower-bound)	1.0		11	0.7309	1	2.5139	Viruses;Duplodnaviria;Heunggongvirae;Uroviricota;Caudoviricetes	dsDNA	Prokaryote	0.0	0.0	0.0	0.0	239.68102	0.0	0.0	0.0	0.0	0.0	0.0	0.0	0.0	0.0	0.0
Paratimea	Paratimea_contig_14538	11709	No	19	3	0	Low-quality	Genome-fragment	14.2	HMM-based (lower-bound)	1.22		11	0.9186	6	8.4342	Viruses;Duplodnaviria;Heunggongvirae;Uroviricota;Caudoviricetes	dsDNA	Prokaryote	0.0	0.0	0.0	0.0	8.3764105	0.0	0.0	0.0	0.0	0.0	0.0	0.0	0.0	0.0	0.0
Paratimea	Paratimea_contig_14735	5308	No	6	1	0	Low-quality	Genome-fragment	1.89	HMM-based (lower-bound)	1.0		11	0.8857	0	1.7028	Unclassified	Unknown	Unknown	0.0	0.0	0.0	40.61438	66.75797	0.0	0.0	0.0	0.0	0.0	0.0	0.0	0.0	0.0	0.0
Paratimea	Paratimea_contig_1499_1_3769_22616	18848	Yes	23	3	1	Low-quality	Genome-fragment	21.06	HMM-based (lower-bound)	1.0	3769-22616	11	0.8884	4	5.6706	Viruses;Duplodnaviria;Heunggongvirae;Uroviricota;Caudoviricetes	dsDNA	Prokaryote	0.0	0.0	0.0	0.0	672.8723	0.0	0.0	0.0	0.0	0.0	0.0	0.0	0.0	0.0	0.0
Paratimea	Paratimea_contig_15296	29648	No	22	2	0	Low-quality	Genome-fragment	2.37	HMM-based (lower-bound)	1.38		4	0.802	0	2.741	Viruses;Duplodnaviria;Heunggongvirae;Uroviricota;Caudoviricetes	dsDNA	Prokaryote	0.0	0.0	0.0	0.0	2193.2888	0.0	0.0	0.0	0.0	0.0	0.0	0.0	0.0	0.0	0.0
Paratimea	Paratimea_contig_15724_2775_19745	16971	Yes	24	2	1	Low-quality	Genome-fragment	21.14	HMM-based (lower-bound)	1.0	2775-19745	11	0.9601	3	9.0518	Viruses;Duplodnaviria;Heunggongvirae;Uroviricota;Caudoviricetes	dsDNA	Prokaryote	1.2711871	0.0	0.0	0.0	83.98533	0.0	0.0	0.0	0.0	0.0	0.0	0.0	0.0	0.0	0.0
Paratimea	Paratimea_contig_15806	7018	No	11	1	0	Low-quality	Genome-fragment	6.3	HMM-based (lower-bound)	1.0		11	0.9587	2	4.8268	Viruses;Duplodnaviria;Heunggongvirae;Uroviricota;Caudoviricetes	dsDNA	Prokaryote	0.0	0.0	0.0	0.0	5.184424	0.0	0.0	0.0	0.0	0.0	0.0	0.0	0.0	0.0	0.0
Paratimea	Paratimea_contig_20047_1_1_9486	9486	Yes	4	1	0	Low-quality	Genome-fragment	0.79	HMM-based (lower-bound)	1.04	1-9486	11	0.878	0	3.3521	Viruses;Duplodnaviria;Heunggongvirae;Uroviricota;Caudoviricetes	dsDNA	Prokaryote	0.0	0.0	0.0	0.0	3070.4631	0.0	0.0	0.0	0.0	0.0	0.0	0.0	0.0	0.0	0.0
Paratimea	Paratimea_contig_21333	6713	No	7	1	0	Not-determined	Genome-fragment	0.0		1.14		11	0.8092	0	0.0	Unclassified	Unknown	Unknown	0.0	0.0	0.0	0.0	234.70845	0.0	0.0	0.0	0.0	0.0	0.0	0.0	0.0	0.0	0.0
Paratimea	Paratimea_contig_21561	8523	No	10	1	0	Low-quality	Genome-fragment	16.45	HMM-based (lower-bound)	1.0		11	0.8609	0	2.1406	Viruses;Duplodnaviria;Heunggongvirae;Uroviricota;Caudoviricetes	dsDNA	Prokaryote	0.0	0.0	12.878232	0.0	16.518993	84.99473	0.0	0.0	0.0	0.0	0.0	0.0	0.0	12.590699	0.0
Paratimea	Paratimea_contig_21681	12754	No	7	1	0	Low-quality	Genome-fragment	14.32	HMM-based (lower-bound)	1.55		11	0.9523	1	1.1899	Viruses;Duplodnaviria;Heunggongvirae;Uroviricota;Caudoviricetes	dsDNA	Prokaryote	183.05728	0.0	0.0	0.0	24339.873	0.0	0.0	0.0	0.0	0.0	0.0	0.0	0.0	0.0	0.0
Paratimea	Paratimea_contig_22328_41889_104457	61574	Yes	89	5	1	High-quality	High-quality	92.88	HMM-based (lower-bound)	1.0	41889-104457	11	0.8473	2	16.313	Viruses;Duplodnaviria;Heunggongvirae;Uroviricota;Caudoviricetes	dsDNA	Prokaryote	0.0	0.0	0.0	0.0	638.3555	0.0	0.0	0.0	0.0	0.0	0.0	0.0	0.0	0.0	0.0
Paratimea	Paratimea_contig_23183	8344	No	14	4	0	Low-quality	Genome-fragment	6.96	HMM-based (lower-bound)	1.0		11	0.9473	1	2.9676	Viruses;Duplodnaviria;Heunggongvirae;Uroviricota;Caudoviricetes	dsDNA	Prokaryote	0.0	0.0	0.0	0.0	165.88983	0.0	0.0	0.0	0.0	0.0	0.0	0.0	0.0	0.0	45.226616
Paratimea	Paratimea_contig_23902	7229	No	13	1	0	Low-quality	Genome-fragment	10.81	HMM-based (lower-bound)	1.01		11	0.9443	1	3.0384	Viruses;Duplodnaviria;Heunggongvirae;Uroviricota;Caudoviricetes	dsDNA	Prokaryote	0.0	0.0	0.0	0.0	2.8447962	0.0	0.0	0.0	0.0	0.0	0.0	0.0	0.0	0.0	0.0
Paratimea	Paratimea_contig_24502	13913	No	18	1	1	Low-quality	Genome-fragment	6.86	HMM-based (lower-bound)	1.01		11	0.7251	0	1.7183	Viruses;Duplodnaviria;Heunggongvirae;Uroviricota;Caudoviricetes	dsDNA	Prokaryote	0.0	0.0	0.0	0.0	66.060425	0.0	0.0	0.0	0.0	0.0	0.0	0.0	0.0	0.0	0.0
Paratimea	Paratimea_contig_26203	7538	No	9	1	0	Low-quality	Genome-fragment	12.99	HMM-based (lower-bound)	1.0		11	0.728	0	3.0771	Viruses;Duplodnaviria;Heunggongvirae;Uroviricota;Caudoviricetes	dsDNA	Prokaryote	0.0	0.0	0.0	0.0	114.373764	0.0	0.0	0.0	0.0	0.0	0.0	0.0	0.0	0.0	0.0
Paratimea	Paratimea_contig_26734	22331	No	17	2	0	High-quality	High-quality	100.0	AAI-based (medium-confidence)	1.0		11	0.7858	0	1.7183	Viruses;Riboviria;Pararnavirae;Artverviricota;Revtraviricetes;Ortervirales;Retroviridae	ssRNA-RT	Eukaryote	0.0	0.0	0.0	0.0	808.6373	0.0	0.0	0.0	0.0	0.0	0.0	0.0	0.0	0.0	0.0
Paratimea	Paratimea_contig_27121	5562	No	8	1	0	Low-quality	Genome-fragment	4.99	HMM-based (lower-bound)	1.0		11	0.8908	2	2.8478	Viruses;Duplodnaviria;Heunggongvirae;Uroviricota;Caudoviricetes	dsDNA	Prokaryote	0.0	0.0	0.0	0.0	8.816917	0.0	0.0	0.0	0.0	0.0	0.0	0.0	0.0	0.0	0.0
Paratimea	Paratimea_contig_27902	25175	No	27	1	0	Low-quality	Genome-fragment	2.09	HMM-based (lower-bound)	1.13		11	0.7142	0	3.3521	Viruses;Duplodnaviria;Heunggongvirae;Uroviricota;Caudoviricetes	dsDNA	Prokaryote	0.0	0.0	0.0	0.0	904.16394	0.0	0.0	0.0	0.0	0.0	0.0	0.0	0.0	0.0	0.0
Paratimea	Paratimea_contig_28235	8775	No	16	2	0	Low-quality	Genome-fragment	11.61	HMM-based (lower-bound)	1.0		11	0.7889	3	10.6138	Viruses;Duplodnaviria;Heunggongvirae;Uroviricota;Caudoviricetes	dsDNA	Prokaryote	0.0	0.0	0.0	0.0	6.129398	0.0	0.0	0.0	0.0	0.0	0.0	0.0	0.0	0.0	0.0
Paratimea	Paratimea_contig_28820	16003	No	32	1	1	Low-quality	Genome-fragment	6.96	HMM-based (lower-bound)	1.0		11	0.8077	0	5.5904	Viruses;Duplodnaviria;Heunggongvirae;Uroviricota;Caudoviricetes	dsDNA	Prokaryote	0.0	0.0	0.0	0.0	150.1559	0.0	0.0	0.0	0.0	0.0	0.0	0.0	0.0	0.0	0.0
Paratimea	Paratimea_contig_30207	5472	No	9	1	0	Low-quality	Genome-fragment	4.91	HMM-based (lower-bound)	1.0		11	0.9478	1	1.3998	Viruses;Duplodnaviria;Heunggongvirae;Uroviricota;Caudoviricetes	dsDNA	Prokaryote	0.0	0.0	0.0	0.0	3.7582295	0.0	0.0	0.0	0.0	0.0	0.0	0.0	0.0	0.0	0.0
Paratimea	Paratimea_contig_30506	6486	No	11	1	0	Low-quality	Genome-fragment	9.12	HMM-based (lower-bound)	1.0		11	0.8202	2	6.3322	Viruses;Duplodnaviria;Heunggongvirae;Uroviricota;Caudoviricetes	dsDNA	Prokaryote	0.0	219.17542	126.629105	282.5223	264.87375	212.442	200.34761	179.59773	321.70615	372.4609	516.1131	168.83469	0.0	0.0	548.93805
Paratimea	Paratimea_contig_31881	53820	No	112	8	0	Medium-quality	Genome-fragment	73.79	HMM-based (lower-bound)	1.01		11	0.863	3	11.6986	Viruses;Duplodnaviria;Heunggongvirae;Uroviricota;Caudoviricetes	dsDNA	Prokaryote	0.0	0.0	0.0	0.0	11.580801	0.0	0.0	0.0	0.0	0.0	0.0	0.0	0.0	0.0	0.0
Paratimea	Paratimea_contig_31909	10345	No	17	2	0	Low-quality	Genome-fragment	12.56	HMM-based (lower-bound)	1.1		11	0.8392	2	4.7521	Viruses;Duplodnaviria;Heunggongvirae;Uroviricota;Caudoviricetes	dsDNA	Prokaryote	0.0	0.0	0.0	0.0	8.104597	0.0	0.0	0.0	0.0	0.0	0.0	0.0	0.0	0.0	0.0
Paratimea	Paratimea_contig_33197	18938	No	24	1	0	Low-quality	Genome-fragment	1.51	HMM-based (lower-bound)	2.72		4	0.9531	0	3.0888	Viruses;Duplodnaviria;Heunggongvirae;Uroviricota;Caudoviricetes	dsDNA	Prokaryote	0.0	0.0	0.0	0.0	37.25519	0.0	0.0	0.0	0.0	0.0	0.0	0.0	0.0	0.0	0.0
Paratimea	Paratimea_contig_33381	3686	No	2	1	0	Medium-quality	Genome-fragment	57.04	AAI-based (high-confidence)	1.0		11	0.7076	0	0.0	Unclassified	Unknown	Unknown	0.0	0.0	0.0	0.0	366.9415	0.0	0.0	0.0	0.0	0.0	0.0	0.0	0.0	0.0	0.0
Paratimea	Paratimea_contig_34416	10109	No	13	4	0	Low-quality	Genome-fragment	15.17	HMM-based (lower-bound)	1.0		11	0.8718	1	1.4077	Viruses;Duplodnaviria;Heunggongvirae;Uroviricota;Caudoviricetes	dsDNA	Prokaryote	0.0	0.0	0.0	0.0	15.6486845	0.0	0.0	0.0	0.0	0.0	0.0	0.0	0.0	0.0	0.0
Paratimea	Paratimea_contig_34479_17861_31032	13172	Yes	19	5	0	Low-quality	Genome-fragment	19.52	HMM-based (lower-bound)	1.0	17861-31032	11	0.7591	4	7.0203	Viruses;Duplodnaviria;Heunggongvirae;Uroviricota;Caudoviricetes	dsDNA	Prokaryote	0.0	0.0	0.0	28.982557	24.01952	0.0	0.0	0.0	0.0	0.0	0.0	0.0	0.0	0.0	0.0
Paratimea	Paratimea_contig_3520_785191_797159	6960	Yes	9	3	0	Low-quality	Genome-fragment	7.69	HMM-based (lower-bound)	1.0	785191-797159	11	0.9503	5	8.2554	Viruses;Duplodnaviria;Heunggongvirae;Uroviricota;Caudoviricetes	dsDNA	Prokaryote	0.0	0.0	0.0	0.0	24.092545	0.0	0.0	0.0	0.0	0.0	0.0	0.0	0.0	0.0	0.0
Paratimea	Paratimea_contig_3629_1635_18691	15425	Yes	19	7	1	Low-quality	Genome-fragment	40.82	AAI-based (medium-confidence)	1.0	1635-18691	11	0.8614	3	9.023	Viruses;Duplodnaviria;Heunggongvirae;Uroviricota;Caudoviricetes	dsDNA	Prokaryote	0.0	0.0	0.0	0.0	276.38828	0.0	0.0	0.0	0.0	0.0	0.0	0.0	0.0	0.0	0.0
Paratimea	Paratimea_contig_37321	14561	No	27	3	0	Low-quality	Genome-fragment	15.21	HMM-based (lower-bound)	1.0		11	0.8167	2	3.0911	Viruses;Duplodnaviria;Heunggongvirae;Uroviricota;Caudoviricetes	dsDNA	Prokaryote	0.0	0.0	0.0	0.0	54.42928	0.0	0.0	0.0	0.0	0.0	0.0	0.0	0.0	0.0	0.0
Paratimea	Paratimea_contig_37737	10928	No	26	4	1	Low-quality	Genome-fragment	18.24	AAI-based (medium-confidence)	1.0		11	0.9708	1	24.9108	Viruses;Duplodnaviria;Heunggongvirae;Uroviricota;Caudoviricetes	dsDNA	Prokaryote	4.3869605	0.0	0.0	0.0	0.4342768	0.0	0.0	0.0	0.0	5.0528784	20.482292	0.0	32.551582	0.0	15.014118
Paratimea	Paratimea_contig_3814	18836	No	30	2	2	Low-quality	Genome-fragment	19.31	HMM-based (lower-bound)	1.01		11	0.8298	4	6.1934	Viruses;Duplodnaviria;Heunggongvirae;Uroviricota;Caudoviricetes	dsDNA	Prokaryote	0.0	1047.6241	478.0315	0.0	1903.081	0.0	0.0	631.68	0.0	0.0	854.7926	919.1126	0.0	456.17474	1056.605
Paratimea	Paratimea_contig_38220	6246	No	10	1	0	Low-quality	Genome-fragment	0.5	HMM-based (lower-bound)	2.29		4	0.9213	0	1.7104	Unclassified	Unknown	Unknown	0.0	0.0	0.0	0.0	61.544655	0.0	0.0	0.0	0.0	0.0	0.0	0.0	0.0	0.0	0.0
Paratimea	Paratimea_contig_3850_44744_114230	69487	Yes	112	4	2	Low-quality	Genome-fragment	40.16	HMM-based (lower-bound)	1.0	44744-114230	11	0.8905	3	18.071	Viruses;Duplodnaviria;Heunggongvirae;Uroviricota;Caudoviricetes	dsDNA	Prokaryote	0.0	0.0	0.0	0.0	353.4387	0.0	0.0	0.0	0.0	0.0	0.0	0.0	0.0	0.0	0.0
Paratimea	Paratimea_contig_38503	6604	No	7	1	0	Not-determined	Genome-fragment	0.0		1.02		11	0.7464	0	0.0	Unclassified	Unknown	Unknown	0.0	0.0	0.0	0.0	309.7259	0.0	0.0	0.0	0.0	0.0	0.0	0.0	0.0	0.0	0.0
Paratimea	Paratimea_contig_3883_59458_75349	15892	Yes	18	3	2	Low-quality	Genome-fragment	18.95	HMM-based (lower-bound)	1.0	59458-75349	11	0.8781	3	5.367	Viruses;Duplodnaviria;Heunggongvirae;Uroviricota;Caudoviricetes	dsDNA	Prokaryote	0.0	0.0	0.0	0.0	584.71124	0.0	0.0	0.0	0.0	0.0	0.0	0.0	0.0	0.0	0.0
Paratimea	Paratimea_contig_41255	7808	No	10	1	0	Low-quality	Genome-fragment	0.62	HMM-based (lower-bound)	2.43		4	0.7491	0	0.0	Unclassified	Unknown	Unknown	0.0	0.0	0.0	0.0	68.07466	0.0	0.0	0.0	0.0	0.0	0.0	0.0	0.0	0.0	0.0
Paratimea	Paratimea_contig_41686	9496	No	12	1	0	Low-quality	Genome-fragment	0.76	HMM-based (lower-bound)	1.97		4	0.9353	0	1.8626	Unclassified	Unknown	Unknown	0.0	0.0	0.0	0.0	199.0734	0.0	0.0	0.0	0.0	0.0	0.0	0.0	0.0	0.0	0.0
Paratimea	Paratimea_contig_42121	8323	No	8	2	0	Low-quality	Genome-fragment	18.29	AAI-based (medium-confidence)	1.0		11	0.9392	2	5.4332	Viruses;Duplodnaviria;Heunggongvirae;Uroviricota;Caudoviricetes	dsDNA	Prokaryote	0.0	0.0	0.0	0.0	29.65041	0.0	0.0	0.0	0.0	0.0	0.0	0.0	0.0	0.0	0.0
Paratimea	Paratimea_contig_42575	25672	No	36	2	1	Low-quality	Genome-fragment	33.87	HMM-based (lower-bound)	1.0		11	0.7116	0	2.7603	Viruses;Duplodnaviria;Heunggongvirae;Uroviricota;Caudoviricetes;Demerecviridae	dsDNA	Prokaryote	0.0	0.0	0.0	0.0	66.735176	0.0	0.0	0.0	0.0	0.0	0.0	0.0	0.0	0.0	0.0
Paratimea	Paratimea_contig_43014	5592	No	10	2	0	Low-quality	Genome-fragment	7.44	HMM-based (lower-bound)	1.0		11	0.7257	1	2.9372	Viruses;Duplodnaviria;Heunggongvirae;Uroviricota;Caudoviricetes	dsDNA	Prokaryote	0.0	0.0	0.0	0.0	66.19646	0.0	0.0	0.0	0.0	0.0	0.0	0.0	0.0	0.0	0.0
Paratimea	Paratimea_contig_44061	8948	No	10	2	0	Low-quality	Genome-fragment	0.71	HMM-based (lower-bound)	2.34		4	0.7062	0	0.0	Unclassified	Unknown	Unknown	0.0	0.0	0.0	0.0	121.63218	0.0	0.0	0.0	0.0	0.0	0.0	0.0	0.0	0.0	0.0
Paratimea	Paratimea_contig_44111	5217	No	7	1	0	Low-quality	Genome-fragment	0.42	HMM-based (lower-bound)	2.77		4	0.9715	0	1.5384	Viruses;Duplodnaviria;Heunggongvirae;Uroviricota;Caudoviricetes	dsDNA	Prokaryote	0.0	0.0	0.0	0.0	145.24484	0.0	0.0	0.0	0.0	0.0	0.0	0.0	0.0	0.0	0.0
Paratimea	Paratimea_contig_44966	8709	No	9	2	0	Low-quality	Genome-fragment	0.69	HMM-based (lower-bound)	1.89		4	0.941	0	1.7183	Unclassified	Unknown	Unknown	0.0	0.0	0.0	0.0	30.697601	0.0	0.0	0.0	0.0	0.0	0.0	0.0	0.0	0.0	0.0
Paratimea	Paratimea_contig_45027	7345	No	9	3	0	Low-quality	Genome-fragment	0.59	HMM-based (lower-bound)	2.73		4	0.9548	0	1.3705	Viruses;Duplodnaviria;Heunggongvirae;Uroviricota;Caudoviricetes	dsDNA	Prokaryote	1.305397	0.0	0.0	0.0	132.88606	0.0	0.0	0.0	0.0	0.0	0.0	0.0	0.0	0.0	0.0
Paratimea	Paratimea_contig_45412_4693_16614	10653	Yes	15	3	0	Low-quality	Genome-fragment	22.6	HMM-based (lower-bound)	1.0	4693-16614	11	0.8732	5	10.8662	Viruses;Duplodnaviria;Heunggongvirae;Uroviricota;Caudoviricetes	dsDNA	Prokaryote	0.0	0.0	0.0	0.0	20.640915	0.0	4.6428437	0.0	5.9354057	0.0	15.408088	0.0	0.0	0.0	16.171783
Paratimea	Paratimea_contig_4546	5983	No	6	2	0	Low-quality	Genome-fragment	0.48	HMM-based (lower-bound)	1.55		4	0.8837	0	1.3705	Viruses;Duplodnaviria;Heunggongvirae;Uroviricota;Caudoviricetes	dsDNA	Prokaryote	0.0	0.0	0.0	0.0	89.63276	0.0	0.0	0.0	0.0	0.0	0.0	0.0	0.0	0.0	0.0
Paratimea	Paratimea_contig_46211	6443	No	10	1	0	Low-quality	Genome-fragment	3.56	HMM-based (lower-bound)	1.0		11	0.8554	0	2.8324	Viruses;Duplodnaviria;Heunggongvirae;Uroviricota;Caudoviricetes;Herelleviridae	dsDNA	Prokaryote	0.0	0.0	0.0	0.0	85.68866	0.0	0.0	0.0	0.0	5.713473	4.632014	0.0	0.0	0.0	0.0
Paratimea	Paratimea_contig_46696	17008	No	20	3	1	Low-quality	Genome-fragment	18.8	HMM-based (lower-bound)	1.1		11	0.7807	1	2.7885	Viruses;Duplodnaviria;Heunggongvirae;Uroviricota;Caudoviricetes	dsDNA	Prokaryote	0.0	0.0	0.0	346.72168	300.23846	0.0	239.78241	0.0	143.2727	0.0	157.04631	228.15831	0.0	0.0	205.96107
Paratimea	Paratimea_contig_46767	34830	No	46	1	0	Low-quality	Genome-fragment	21.07	HMM-based (lower-bound)	1.0		11	0.899	4	8.693	Viruses;Duplodnaviria;Heunggongvirae;Uroviricota;Caudoviricetes	dsDNA	Prokaryote	0.0	0.0	0.0	0.0	72.624146	0.0	0.0	0.0	0.0	0.0	0.0	0.0	0.0	0.0	0.0
Paratimea	Paratimea_contig_46842_35411_50392	14982	Yes	15	10	0	Low-quality	Genome-fragment	16.67	HMM-based (lower-bound)	1.0	35411-50392	11	0.9454	7	13.3948	Viruses;Duplodnaviria;Heunggongvirae;Uroviricota;Caudoviricetes	dsDNA	Prokaryote	0.0	11.666227	0.0	18.586233	55.645092	15.2156725	0.0	4.79635	10.064006	33.477654	9.295976	0.0	0.0	4.3487396	10.403856
Paratimea	Paratimea_contig_46900_665_15710	15046	Yes	24	1	1	Low-quality	Genome-fragment	22.49	HMM-based (lower-bound)	1.0	665-15710	11	0.9639	0	15.294	Viruses;Duplodnaviria;Heunggongvirae;Uroviricota;Caudoviricetes	dsDNA	Prokaryote	0.0	0.0	0.0	0.0	26.074541	0.0	0.0	0.0	0.0	0.0	0.0	0.0	0.0	0.0	0.0
Paratimea	Paratimea_contig_47560	37411	No	28	4	0	Low-quality	Genome-fragment	9.87	HMM-based (lower-bound)	1.1		11	0.7553	0	6.7041	Viruses;Duplodnaviria;Heunggongvirae;Uroviricota;Caudoviricetes	dsDNA	Prokaryote	0.0	0.0	0.0	0.0	1804.0487	0.0	0.0	0.0	0.0	0.0	0.0	0.0	0.0	0.0	0.0
Paratimea	Paratimea_contig_47613	12087	No	18	4	0	Low-quality	Genome-fragment	24.51	HMM-based (lower-bound)	1.05		11	0.8055	2	5.1768	Viruses;Duplodnaviria;Heunggongvirae;Uroviricota;Caudoviricetes	dsDNA	Prokaryote	0.0	0.0	0.0	0.0	6.2821565	0.0	0.0	0.0	0.0	0.0	0.0	0.0	0.0	0.0	0.0
Paratimea	Paratimea_contig_47952	32193	No	46	2	1	Low-quality	Genome-fragment	11.65	HMM-based (lower-bound)	1.0		11	0.8722	0	10.1689	Viruses;Duplodnaviria;Heunggongvirae;Uroviricota;Caudoviricetes	dsDNA	Prokaryote	0.0	0.0	0.0	0.0	296.84753	0.0	0.0	0.0	0.0	0.0	0.0	0.0	0.0	0.0	0.0
Paratimea	Paratimea_contig_48279	34819	No	50	26	0	Medium-quality	Genome-fragment	75.36	HMM-based (lower-bound)	1.01		11	0.9357	19	45.0324	Viruses;Duplodnaviria;Heunggongvirae;Uroviricota;Caudoviricetes	dsDNA	Prokaryote	0.0	0.0	0.0	0.0	33.12053	0.0	0.0	0.0	0.0	0.0	0.0	0.0	0.0	0.0	0.0
Paratimea	Paratimea_contig_48542	8306	No	13	2	0	Low-quality	Genome-fragment	12.39	HMM-based (lower-bound)	1.0		11	0.8213	2	4.5402	Viruses;Duplodnaviria;Heunggongvirae;Uroviricota;Caudoviricetes	dsDNA	Prokaryote	0.0	0.0	0.0	0.0	81.32461	0.0	0.0	0.0	0.0	0.0	0.0	0.0	0.0	0.0	0.0
Paratimea	Paratimea_contig_49064	5238	No	5	1	0	Low-quality	Genome-fragment	0.42	HMM-based (lower-bound)	2.32		4	0.8674	0	1.7183	Unclassified	Unknown	Unknown	0.0	0.0	0.0	0.0	35.335106	0.0	0.0	0.0	0.0	0.0	0.0	0.0	0.0	0.0	0.0
Paratimea	Paratimea_contig_49103	13595	No	12	1	0	Low-quality	Genome-fragment	1.08	HMM-based (lower-bound)	1.6		4	0.96	0	3.2567	Viruses;Duplodnaviria;Heunggongvirae;Uroviricota;Caudoviricetes	dsDNA	Prokaryote	0.0	0.0	0.0	0.0	119.618935	0.0	0.0	0.0	0.0	0.0	0.0	0.0	0.0	0.0	0.0
Paratimea	Paratimea_contig_49651	9174	No	12	2	0	Low-quality	Genome-fragment	10.55	HMM-based (lower-bound)	1.0		11	0.8945	2	4.0113	Viruses;Duplodnaviria;Heunggongvirae;Uroviricota;Caudoviricetes	dsDNA	Prokaryote	0.0	0.0	0.0	0.0	15.519217	0.0	0.0	0.0	0.0	0.0	0.0	0.0	0.0	0.0	0.0
Paratimea	Paratimea_contig_49669	10473	No	17	2	0	Low-quality	Genome-fragment	12.72	HMM-based (lower-bound)	1.0		11	0.9185	3	4.3842	Viruses;Duplodnaviria;Heunggongvirae;Uroviricota;Caudoviricetes	dsDNA	Prokaryote	0.0	0.0	0.0	0.0	2.7188635	0.0	0.0	0.0	0.0	0.0	0.0	0.0	0.0	0.0	0.0
Paratimea	Paratimea_contig_49926	17397	No	26	4	0	Low-quality	Genome-fragment	15.84	HMM-based (lower-bound)	1.0		11	0.9504	4	5.5069	Viruses;Duplodnaviria;Heunggongvirae;Uroviricota;Caudoviricetes	dsDNA	Prokaryote	0.0	0.0	0.0	0.0	1.727688	0.0	0.0	0.0	0.0	0.0	0.0	0.0	0.0	0.0	0.0
Paratimea	Paratimea_contig_49981	9550	No	15	4	0	Low-quality	Genome-fragment	13.33	HMM-based (lower-bound)	1.0		11	0.8695	4	8.2782	Viruses;Duplodnaviria;Heunggongvirae;Uroviricota;Caudoviricetes	dsDNA	Prokaryote	0.0	0.0	0.0	0.0	27.3317	0.0	0.0	0.0	0.0	0.0	0.0	0.0	0.0	0.0	0.0
Paratimea	Paratimea_contig_50017	5773	No	7	1	0	Low-quality	Genome-fragment	0.46	HMM-based (lower-bound)	1.91		4	0.7675	0	0.0	Unclassified	Unknown	Unknown	0.0	0.0	0.0	0.0	70.149475	0.0	0.0	0.0	0.0	0.0	0.0	0.0	0.0	0.0	0.0
Paratimea	Paratimea_contig_5003_40837_67464	26628	Yes	30	8	2	Low-quality	Genome-fragment	27.01	HMM-based (lower-bound)	1.0	40837-67464	11	0.7789	6	11.1529	Viruses;Duplodnaviria;Heunggongvirae;Uroviricota;Caudoviricetes	dsDNA	Prokaryote	0.0	0.0	0.0	0.0	117.21267	0.0	0.0	0.0	8.767619	0.0	0.0	0.0	0.0	0.0	0.0
Paratimea	Paratimea_contig_50101	15855	No	22	4	0	Low-quality	Genome-fragment	19.23	HMM-based (lower-bound)	1.95		11	0.8246	4	5.6956	Viruses;Duplodnaviria;Heunggongvirae;Uroviricota;Caudoviricetes	dsDNA	Prokaryote	0.0	0.0	0.0	0.0	54.07781	0.0	0.0	0.0	0.0	0.0	0.0	0.0	0.0	0.0	0.0
Paratimea	Paratimea_contig_50494	6559	No	7	1	0	Low-quality	Genome-fragment	0.52	HMM-based (lower-bound)	1.75		4	0.8741	0	1.5148	Viruses;Duplodnaviria;Heunggongvirae;Uroviricota;Caudoviricetes	dsDNA	Prokaryote	0.0	0.0	0.0	0.0	77.90242	0.0	0.0	0.0	0.0	0.0	0.0	0.0	0.0	0.0	0.0
Paratimea	Paratimea_contig_50580	9415	No	13	1	0	Low-quality	Genome-fragment	14.08	HMM-based (lower-bound)	1.0		11	0.9014	1	1.2716	Viruses;Duplodnaviria;Heunggongvirae;Uroviricota;Caudoviricetes	dsDNA	Prokaryote	0.0	0.0	0.0	0.0	23.355034	0.0	0.0	0.0	0.0	0.0	0.0	0.0	0.0	0.0	0.0
Paratimea	Paratimea_contig_50598	21306	No	24	1	0	Low-quality	Genome-fragment	36.7	HMM-based (lower-bound)	1.01		11	0.814	1	4.0801	Viruses;Duplodnaviria;Heunggongvirae;Uroviricota;Caudoviricetes	dsDNA	Prokaryote	0.0	0.0	0.0	0.0	120.50432	0.0	0.0	0.0	0.0	0.0	0.0	0.0	0.0	0.0	0.0
Paratimea	Paratimea_contig_5347	14005	No	18	2	1	Low-quality	Genome-fragment	19.94	HMM-based (lower-bound)	1.0		11	0.7606	3	8.133	Viruses;Duplodnaviria;Heunggongvirae;Uroviricota;Caudoviricetes	dsDNA	Prokaryote	0.0	266.65753	121.3428	273.86987	30.271763	281.4135	129.38538	181.4735	195.87318	117.29606	170.12148	114.49363	0.0	131.62738	192.1327
Paratimea	Paratimea_contig_5362_7493_50330	35955	Yes	46	11	0	Medium-quality	Genome-fragment	70.21	HMM-based (lower-bound)	1.03	7493-50330	11	0.7923	8	23.809	Viruses;Duplodnaviria;Heunggongvirae;Uroviricota;Caudoviricetes	dsDNA	Prokaryote	0.0	0.0	0.0	0.0	92.26249	0.0	0.0	0.0	0.0	0.0	0.0	0.0	0.0	0.0	0.0
Paratimea	Paratimea_contig_5435_35003_49810	14808	Yes	17	7	0	Low-quality	Genome-fragment	34.8	HMM-based (lower-bound)	1.0	35003-49810	11	0.8468	2	10.3559	Viruses;Duplodnaviria;Heunggongvirae;Uroviricota;Caudoviricetes	dsDNA	Prokaryote	0.0	353.70584	0.0	0.0	206.50069	643.1465	0.0	0.0	0.0	0.0	0.0	0.0	0.0	0.0	0.0
Paratimea	Paratimea_contig_6219_265_11129	10865	Yes	15	5	0	Low-quality	Genome-fragment	22.53	HMM-based (lower-bound)	1.0	265-11129	11	0.8702	5	9.4538	Viruses;Duplodnaviria;Heunggongvirae;Uroviricota;Caudoviricetes	dsDNA	Prokaryote	0.0	0.0	0.0	0.0	4.2223506	0.0	0.0	0.0	0.0	0.0	0.0	0.0	0.0	0.0	0.0
Paratimea	Paratimea_contig_6594	6518	No	7	1	0	Low-quality	Genome-fragment	0.52	HMM-based (lower-bound)	2.03		4	0.721	0	0.0	Unclassified	Unknown	Unknown	0.0	0.0	0.0	0.0	89.556694	0.0	0.0	0.0	0.0	0.0	0.0	0.0	0.0	0.0	0.0
Paratimea	Paratimea_contig_6738_11813_53339	29716	Yes	41	7	0	Medium-quality	Genome-fragment	52.92	HMM-based (lower-bound)	1.0	11813-53339	11	0.8985	8	18.7945	Viruses;Duplodnaviria;Heunggongvirae;Uroviricota;Caudoviricetes	dsDNA	Prokaryote	0.0	0.0	0.0	21.764145	30.237371	0.0	14.979872	0.0	15.058319	0.0	0.0	12.72234	0.0	0.0	0.0
Paratimea	Paratimea_contig_6853_152714_267218	114505	Yes	169	7	6	Medium-quality	Genome-fragment	77.88	HMM-based (lower-bound)	1.0	152714-267218	11	0.8852	1	21.5698	Viruses;Duplodnaviria;Heunggongvirae;Uroviricota;Caudoviricetes	dsDNA	Prokaryote	0.0	0.0	0.0	0.0	10.416767	0.0	0.0	0.0	0.0	0.0	0.0	0.0	0.0	0.0	0.0
Paratimea	Paratimea_contig_7012_11366_31889	20524	Yes	26	2	0	Low-quality	Genome-fragment	24.91	HMM-based (lower-bound)	1.04	11366-31889	11	0.9284	2	12.8658	Viruses;Duplodnaviria;Heunggongvirae;Uroviricota;Caudoviricetes	dsDNA	Prokaryote	0.0	0.0	0.0	0.0	74.14794	0.0	0.0	0.0	0.0	0.0	3.3929133	4.446265	0.0	0.0	0.0
Paratimea	Paratimea_contig_8316_59667_71188	11522	Yes	12	7	0	Low-quality	Genome-fragment	21.58	HMM-based (lower-bound)	1.07	59667-71188	11	0.9403	5	11.1264	Viruses;Duplodnaviria;Heunggongvirae;Uroviricota;Caudoviricetes	dsDNA	Prokaryote	0.0	0.0	0.0	0.0	292.44064	0.0	0.0	0.0	0.0	0.0	0.0	0.0	0.0	0.0	0.0
Paratimea	Paratimea_contig_8456	6869	No	4	3	0	Low-quality	Genome-fragment	0.55	HMM-based (lower-bound)	3.29		4	0.8039	0	0.0	Unclassified	Unknown	Unknown	0.0	0.0	0.0	0.0	159.82768	0.0	0.0	0.0	0.0	0.0	0.0	0.0	0.0	0.0	0.0
Paratimea	Paratimea_contig_8459	7906	No	13	1	0	Low-quality	Genome-fragment	0.63	HMM-based (lower-bound)	1.67		4	0.9213	0	1.3705	Viruses;Duplodnaviria;Heunggongvirae;Uroviricota;Caudoviricetes	dsDNA	Prokaryote	0.60638386	0.0	0.0	0.0	56.42588	0.0	0.0	0.0	0.0	0.0	0.0	0.0	0.0	0.0	0.0
Paratimea	Paratimea_contig_8912	4783	No	4	2	0	Medium-quality	Genome-fragment	70.9	AAI-based (medium-confidence)	1.0		11	0.7253	0	0.0	Unclassified	Unknown	Unknown	0.0	0.0	0.0	0.0	160.07777	0.0	0.0	0.0	0.0	0.0	0.0	0.0	0.0	0.0	0.0
Paratimea	Paratimea_contig_9583	11544	No	20	3	0	Low-quality	Genome-fragment	12.27	HMM-based (lower-bound)	1.0		11	0.8363	2	1.0404	Viruses;Duplodnaviria;Heunggongvirae;Uroviricota;Caudoviricetes	dsDNA	Prokaryote	0.0	0.0	0.0	13.616993	6.577653	0.8776516	0.0	0.0	0.0	0.0	0.0	0.0	0.0	0.0	0.0
Paratimea	Paratimea_contig_9651	12838	No	18	1	0	Low-quality	Genome-fragment	1.02	HMM-based (lower-bound)	2.68		4	0.9594	0	4.1115	Viruses;Duplodnaviria;Heunggongvirae;Uroviricota;Caudoviricetes	dsDNA	Prokaryote	0.0	0.0	0.0	0.0	103.13691	0.0	0.0	0.0	0.0	0.0	0.0	0.0	0.0	0.0	0.0
Paratimea	Paratimea_contig_9656	6381	No	8	2	0	Low-quality	Genome-fragment	0.51	HMM-based (lower-bound)	1.91		4	0.9471	0	1.3705	Viruses;Duplodnaviria;Heunggongvirae;Uroviricota;Caudoviricetes	dsDNA	Prokaryote	0.0	0.0	0.0	0.0	45.119957	0.0	0.0	0.0	0.0	0.0	0.0	0.0	0.0	0.0	0.0
Paratimea	Paratimea_contig_9824	7111	No	10	1	0	Low-quality	Genome-fragment	8.18	HMM-based (lower-bound)	1.0		11	0.8365	1	1.687	Viruses;Duplodnaviria;Heunggongvirae;Uroviricota;Caudoviricetes	dsDNA	Prokaryote	0.0	0.0	0.0	3.1579762	14.460014	0.0	0.0	0.0	0.0	0.0	0.0	0.0	0.0	0.0	0.0
Pcaliculata07	Pcaliculata07_contig_10492_1_36292	36292	Yes	55	12	0	Medium-quality	Genome-fragment	73.51	HMM-based (lower-bound)	1.0	1-36292	11	0.8752	7	20.9562	Viruses;Duplodnaviria;Heunggongvirae;Uroviricota;Caudoviricetes	dsDNA	Prokaryote	0.0	86.20696	36.084106	0.0	0.0	75.654854	0.0	0.0	40.4739	25.992094	22.202957	14.128927	0.0	25.766962	0.0
Pcaliculata07	Pcaliculata07_contig_12776_12462_21906	9445	Yes	14	1	1	Low-quality	Genome-fragment	17.52	AAI-based (medium-confidence)	1.0	12462-21906	11	0.7366	2	5.8183	Viruses;Duplodnaviria;Heunggongvirae;Uroviricota;Caudoviricetes	dsDNA	Prokaryote	0.0	210.34462	74.13453	159.29875	90.276115	194.1579	443.6875	167.37915	679.75275	441.87927	254.3618	354.26385	0.0	76.28518	244.93887
Pcaliculata07	Pcaliculata07_contig_13330	11963	No	20	4	0	Low-quality	Genome-fragment	14.98	HMM-based (lower-bound)	1.0		11	0.9135	3	8.2906	Viruses;Duplodnaviria;Heunggongvirae;Uroviricota;Caudoviricetes	dsDNA	Prokaryote	0.0	0.0	0.0	0.0	0.0	854.5343	0.0	0.0	499.67865	0.0	0.0	0.0	0.0	0.0	0.0
Pcaliculata07	Pcaliculata07_contig_14508	11992	No	17	3	0	Low-quality	Genome-fragment	5.99	HMM-based (lower-bound)	1.0		11	0.7904	1	5.5152	Viruses;Duplodnaviria;Heunggongvirae;Uroviricota;Caudoviricetes;Herelleviridae	dsDNA	Prokaryote	0.0	59.757507	19.883812	43.444603	0.0	44.777794	44.618874	46.360996	38.531063	78.661194	37.329967	51.093494	0.0	26.845528	34.88905
Pcaliculata07	Pcaliculata07_contig_15733	9683	No	18	2	0	Low-quality	Genome-fragment	8.13	HMM-based (lower-bound)	1.0		11	0.8359	1	3.2157	Viruses;Duplodnaviria;Heunggongvirae;Uroviricota;Caudoviricetes	dsDNA	Prokaryote	0.0	0.0	0.0	0.0	0.0	15.694944	0.9287169	0.0	0.0	0.0	0.0	0.0	0.0	0.0	0.0
Pcaliculata07	Pcaliculata07_contig_17089	17589	No	34	6	0	Low-quality	Genome-fragment	18.28	HMM-based (lower-bound)	1.0		11	0.9467	6	11.1623	Viruses;Duplodnaviria;Heunggongvirae;Uroviricota;Caudoviricetes	dsDNA	Prokaryote	0.0	2.6498897	0.0	0.0	0.0	28.800982	0.0	0.0	0.0	0.0	0.0	0.0	0.0	0.0	0.0
Pcaliculata07	Pcaliculata07_contig_17347	5671	No	15	2	0	Low-quality	Genome-fragment	5.21	HMM-based (lower-bound)	1.0		11	0.9279	1	2.9641	Viruses;Duplodnaviria;Heunggongvirae;Uroviricota;Caudoviricetes	dsDNA	Prokaryote	0.0	0.0	0.0	0.0	0.0	8.932824	3.171492	8.669833	0.0	0.0	0.0	0.0	0.0	0.0	0.0
Pcaliculata07	Pcaliculata07_contig_17862	13501	No	21	3	0	Low-quality	Genome-fragment	14.92	HMM-based (lower-bound)	1.0		11	0.8289	3	5.9418	Viruses;Duplodnaviria;Heunggongvirae;Uroviricota;Caudoviricetes	dsDNA	Prokaryote	0.0	0.0	0.0	0.0	0.0	282.91364	0.0	0.0	0.0	0.0	0.0	0.0	0.0	0.0	0.0
Pcaliculata07	Pcaliculata07_contig_20023	6120	No	18	1	0	Low-quality	Genome-fragment	5.74	HMM-based (lower-bound)	1.0		11	0.8187	1	2.6609	Viruses;Duplodnaviria;Heunggongvirae;Uroviricota;Caudoviricetes	dsDNA	Prokaryote	0.0	5.7118764	0.0	0.0	0.0	8.277458	5.877624	0.0	0.0	6.015017	6.5019746	4.2602777	0.0	2.5049143	0.0
Pcaliculata07	Pcaliculata07_contig_20847	9013	No	20	1	0	Low-quality	Genome-fragment	4.1	HMM-based (lower-bound)	1.0		11	0.7046	0	0.0	Unclassified	Unknown	Unknown	0.0	0.0	27.715666	0.0	0.0	44.964428	0.0	0.83924294	0.0	0.0	12.693027	0.0	0.0	34.442917	5.4612546
Pcaliculata07	Pcaliculata07_contig_21503	6926	No	12	2	0	Low-quality	Genome-fragment	7.1	HMM-based (lower-bound)	1.0		11	0.9382	2	2.7657	Viruses;Duplodnaviria;Heunggongvirae;Uroviricota;Caudoviricetes	dsDNA	Prokaryote	0.0	0.0	0.0	0.0	0.0	29.988161	0.0	0.0	0.0	0.0	0.0	0.0	0.0	0.0	4.7379236
Pcaliculata07	Pcaliculata07_contig_23020_23225_40217	16993	Yes	27	1	1	Low-quality	Genome-fragment	29.14	HMM-based (lower-bound)	1.0	23225-40217	11	0.8762	2	11.7926	Viruses;Duplodnaviria;Heunggongvirae;Uroviricota;Caudoviricetes	dsDNA	Prokaryote	0.0	32.571106	19.377598	4.4931235	9.309278	43.822357	23.814184	29.823719	0.0	16.247236	45.077248	42.705566	0.0	18.493883	60.82905
Pcaliculata07	Pcaliculata07_contig_23532	15045	No	29	4	0	Low-quality	Genome-fragment	10.99	HMM-based (lower-bound)	1.0		11	0.9659	1	6.0262	Viruses;Duplodnaviria;Heunggongvirae;Uroviricota;Caudoviricetes	dsDNA	Prokaryote	0.0	0.0	0.0	0.0	0.0	54.21034	0.0	0.0	0.0	0.0	0.0	0.0	0.0	0.0	0.0
Pcaliculata07	Pcaliculata07_contig_24081	40152	No	74	2	1	Low-quality	Genome-fragment	45.62	HMM-based (lower-bound)	1.0		11	0.9744	4	30.0357	Viruses;Duplodnaviria;Heunggongvirae;Uroviricota;Caudoviricetes	dsDNA	Prokaryote	0.0	0.0	0.0	0.0	0.0	49.330788	0.0	0.0	0.0	0.0	0.0	0.0	0.0	0.0	0.0
Pcaliculata07	Pcaliculata07_contig_24262	7858	No	14	1	0	Low-quality	Genome-fragment	18.7	HMM-based (lower-bound)	1.0		11	0.8761	0	1.4239	Unclassified	Unknown	Unknown	0.0	0.0	0.0	0.0	0.0	10.959363	0.0	0.0	0.0	0.0	0.0	0.0	0.0	0.0	0.0
Pcaliculata07	Pcaliculata07_contig_25789	7456	No	13	3	0	Low-quality	Genome-fragment	7.56	HMM-based (lower-bound)	1.0		11	0.9619	3	4.4683	Viruses;Duplodnaviria;Heunggongvirae;Uroviricota;Caudoviricetes	dsDNA	Prokaryote	0.0	0.0	0.0	0.0	0.0	5.435413	0.0	0.0	0.0	0.0	0.0	0.0	0.0	0.0	0.0
Pcaliculata07	Pcaliculata07_contig_26280	7160	No	11	1	0	Low-quality	Genome-fragment	10.71	HMM-based (lower-bound)	1.0		11	0.9627	1	3.0687	Viruses;Duplodnaviria;Heunggongvirae;Uroviricota;Caudoviricetes	dsDNA	Prokaryote	0.0	0.0	0.0	0.0	0.0	62.261288	0.0	0.0	12.90683	0.0	0.0	0.0	0.0	0.0	0.0
Pcaliculata07	Pcaliculata07_contig_27683	8285	No	11	2	0	Low-quality	Genome-fragment	14.35	HMM-based (lower-bound)	1.0		11	0.9163	2	2.8219	Viruses;Duplodnaviria;Heunggongvirae;Uroviricota;Caudoviricetes	dsDNA	Prokaryote	0.0	5.6256986	3.6546705	2.710485	0.0	14.674631	6.512564	5.4779215	0.0	4.998599	0.0	0.0	0.0	5.5510235	0.0
Pcaliculata07	Pcaliculata07_contig_27691	42965	No	50	4	0	Low-quality	Genome-fragment	42.72	HMM-based (lower-bound)	1.01		11	0.9781	3	22.3173	Viruses;Duplodnaviria;Heunggongvirae;Uroviricota;Caudoviricetes	dsDNA	Prokaryote	0.0	0.0	0.0	0.0	0.0	145.25943	0.0	0.0	0.0	0.0	0.0	0.0	0.0	0.0	0.0
Pcaliculata07	Pcaliculata07_contig_28450	21549	No	28	2	0	Low-quality	Genome-fragment	37.54	HMM-based (lower-bound)	1.0		11	0.9228	0	3.4062	Viruses;Duplodnaviria;Heunggongvirae;Uroviricota;Caudoviricetes	dsDNA	Prokaryote	0.0	0.0	0.0	0.0	0.0	8.227907	0.0	0.0	0.0	0.0	0.0	0.0	0.0	0.0	0.0
Pcaliculata07	Pcaliculata07_contig_28500	10887	No	22	1	1	Low-quality	Genome-fragment	19.69	HMM-based (lower-bound)	1.0		11	0.8072	0	3.1932	Unclassified	Unknown	Unknown	0.0	61.541573	34.765022	0.0	0.0	76.77577	0.0	0.0	0.0	0.0	0.0	0.0	0.0	0.0	47.472584
Pcaliculata07	Pcaliculata07_contig_2938_21131_38787	17657	Yes	24	3	0	Low-quality	Genome-fragment	21.05	HMM-based (lower-bound)	1.01	21131-38787	11	0.897	1	7.4203	Viruses;Duplodnaviria;Heunggongvirae;Uroviricota;Caudoviricetes	dsDNA	Prokaryote	0.0	759.5692	423.137	212.13808	0.0	831.1512	655.9824	571.25916	482.05893	532.4143	547.9102	781.63086	0.0	404.37122	671.83386
Pcaliculata07	Pcaliculata07_contig_30483	10956	No	15	2	0	Low-quality	Genome-fragment	11.52	HMM-based (lower-bound)	1.0		11	0.8125	0	1.7183	Viruses;Duplodnaviria;Heunggongvirae;Uroviricota;Caudoviricetes	dsDNA	Prokaryote	0.0	0.0	0.0	0.0	0.0	47.62485	0.0	0.0	0.0	0.0	0.0	0.0	0.0	0.0	0.0
Pcaliculata07	Pcaliculata07_contig_30513	12560	No	23	2	0	Low-quality	Genome-fragment	13.89	HMM-based (lower-bound)	1.0		11	0.8987	0	11.0103	Viruses;Duplodnaviria;Heunggongvirae;Uroviricota;Caudoviricetes	dsDNA	Prokaryote	0.0	0.0	0.0	0.0	0.0	12.906509	0.0	0.0	0.0	0.0	0.0	0.0	0.0	0.0	0.0
Pcaliculata07	Pcaliculata07_contig_32359	7808	No	17	1	0	Low-quality	Genome-fragment	0.63	HMM-based (lower-bound)	1.0		11	0.8733	1	1.6835	Viruses;Duplodnaviria;Heunggongvirae;Uroviricota;Caudoviricetes	dsDNA	Prokaryote	0.0	0.0	0.0	0.0	0.0	18.166307	0.0	0.0	0.0	0.0	0.0	0.0	0.0	0.0	0.0
Pcaliculata07	Pcaliculata07_contig_33759	12696	No	24	3	0	Low-quality	Genome-fragment	9.48	HMM-based (lower-bound)	1.0		11	0.8773	2	5.464	Viruses;Duplodnaviria;Heunggongvirae;Uroviricota;Caudoviricetes	dsDNA	Prokaryote	0.0	0.0	0.0	0.0	0.0	14.763294	0.0	0.0	0.0	0.0	0.0	0.0	0.0	0.0	0.0
Pcaliculata07	Pcaliculata07_contig_34119	5401	No	10	3	0	Low-quality	Genome-fragment	8.54	HMM-based (lower-bound)	1.01		11	0.958	0	2.8529	Viruses;Duplodnaviria;Heunggongvirae;Uroviricota;Caudoviricetes	dsDNA	Prokaryote	0.0	4.314841	0.0	0.0	0.0	28.13815	0.0	0.0	0.0	0.0	0.0	0.0	0.0	0.0	0.0
Pcaliculata07	Pcaliculata07_contig_34444	7278	No	14	3	0	Low-quality	Genome-fragment	7.13	HMM-based (lower-bound)	1.0		11	0.9104	1	2.5139	Viruses;Duplodnaviria;Heunggongvirae;Uroviricota;Caudoviricetes	dsDNA	Prokaryote	0.0	0.0	0.0	0.0	0.0	13.224828	0.0	1.5589646	0.0	0.0	0.0	0.0	0.0	0.0	4.5087743
Pcaliculata07	Pcaliculata07_contig_36254	7049	No	16	1	0	Low-quality	Genome-fragment	3.46	HMM-based (lower-bound)	1.0		11	0.8048	0	1.0585	Viruses;Duplodnaviria;Heunggongvirae;Uroviricota;Caudoviricetes	dsDNA	Prokaryote	0.0	0.0	4.832432	0.0	0.0	17.24774	0.0	0.0	0.0	0.0	0.0	0.0	0.0	0.0	0.0
Pcaliculata07	Pcaliculata07_contig_3653_148721_219497	70777	Yes	111	1	1	Medium-quality	Genome-fragment	52.11	HMM-based (lower-bound)	1.01	148721-219497	11	0.9013	0	14.6537	Viruses;Duplodnaviria;Heunggongvirae;Uroviricota;Caudoviricetes	dsDNA	Prokaryote	0.0	0.0	0.0	0.0	0.0	156.74744	0.0	0.0	0.0	0.0	137.6028	0.0	0.0	0.0	0.0
Pcaliculata07	Pcaliculata07_contig_37726	6050	No	14	2	0	Low-quality	Genome-fragment	5.95	HMM-based (lower-bound)	1.0		11	0.9171	0	2.4895	Viruses;Duplodnaviria;Heunggongvirae;Uroviricota;Caudoviricetes	dsDNA	Prokaryote	0.0	0.0	0.0	0.0	0.0	14.234492	0.0	6.8764515	32.157597	13.690377	4.9329033	0.0	0.0	12.669483	6.779929
Pcaliculata07	Pcaliculata07_contig_38958	11759	No	19	2	0	Low-quality	Genome-fragment	18.3	HMM-based (lower-bound)	1.0		11	0.9501	0	9.6671	Viruses;Duplodnaviria;Heunggongvirae;Uroviricota;Caudoviricetes	dsDNA	Prokaryote	0.0	0.0	35.40569	0.0	0.0	71.51319	0.0	0.0	52.11697	0.0	0.0	0.0	0.0	40.08843	0.0
Pcaliculata07	Pcaliculata07_contig_39182	24436	No	44	1	0	Low-quality	Genome-fragment	11.85	HMM-based (lower-bound)	1.0		11	0.9663	3	7.6284	Viruses;Duplodnaviria;Heunggongvirae;Uroviricota;Caudoviricetes	dsDNA	Prokaryote	0.0	0.0	0.0	0.0	0.0	48.303017	0.0	0.0	0.0	0.0	0.0	0.0	0.0	0.0	0.0
Pcaliculata07	Pcaliculata07_contig_39578_1_2411_16976	14566	Yes	29	4	0	Low-quality	Genome-fragment	18.09	HMM-based (lower-bound)	1.0	2411-16976	11	0.8707	4	11.6162	Viruses;Duplodnaviria;Heunggongvirae;Uroviricota;Caudoviricetes;Demerecviridae	dsDNA	Prokaryote	0.0	5.599725	5.1968527	0.0	0.0	8.694571	4.321664	7.7894716	3.6730886	7.26584	2.7318473	4.474959	0.0	0.0	0.0
Pcaliculata07	Pcaliculata07_contig_40695_39156_49565	8643	Yes	17	3	1	Low-quality	Genome-fragment	10.49	HMM-based (lower-bound)	1.01	39156-49565	11	0.9023	4	7.8798	Viruses;Duplodnaviria;Heunggongvirae;Uroviricota;Caudoviricetes	dsDNA	Prokaryote	0.0	12.807609	0.0	0.0	0.0	15.825145	20.80936	0.0	18.00796	10.1155	13.236404	13.574922	0.0	2.217123	37.017803
Pcaliculata07	Pcaliculata07_contig_42049_1_1_6527	6527	Yes	5	1	0	Low-quality	Genome-fragment	4.37	HMM-based (lower-bound)	1.24	1-6527	11	0.7498	0	2.9499	Viruses;Duplodnaviria;Heunggongvirae;Uroviricota;Caudoviricetes	dsDNA	Prokaryote	0.0	0.0	0.0	0.0	0.0	27.164574	0.0	0.0	0.0	0.0	7.6206694	0.0	0.0	9.982046	0.0
Pcaliculata07	Pcaliculata07_contig_42822	48882	No	79	1	0	Medium-quality	Genome-fragment	69.09	HMM-based (lower-bound)	1.0		11	0.9502	0	14.7352	Viruses;Duplodnaviria;Heunggongvirae;Uroviricota;Caudoviricetes	dsDNA	Prokaryote	0.0	0.0	0.0	0.0	0.0	67.36167	0.0	0.0	0.0	0.0	0.0	0.0	0.0	0.0	0.0
Pcaliculata07	Pcaliculata07_contig_5790	29007	No	32	2	2	Low-quality	Genome-fragment	16.5	HMM-based (lower-bound)	1.0		11	0.7602	0	2.2071	Viruses;Duplodnaviria;Heunggongvirae;Uroviricota;Caudoviricetes	dsDNA	Prokaryote	0.0	222.544	0.0	372.68573	0.0	680.2258	159.50555	0.0	248.83421	0.0	327.00516	0.0	0.0	0.0	296.95938
Pcaliculata07	Pcaliculata07_contig_5936_115_11680	11566	Yes	22	6	0	Low-quality	Genome-fragment	8.28	HMM-based (lower-bound)	1.02	115-11680	11	0.9708	3	11.2231	Viruses;Duplodnaviria;Heunggongvirae;Uroviricota;Caudoviricetes	dsDNA	Prokaryote	0.0	0.0	0.0	0.0	0.0	21.023571	10.496484	7.5209327	8.410577	15.118153	0.0	13.525626	0.0	0.0	7.0929575
Pcaliculata07	Pcaliculata07_contig_7328	7430	No	15	2	0	Low-quality	Genome-fragment	8.41	HMM-based (lower-bound)	1.0		11	0.907	4	5.7132	Viruses;Duplodnaviria;Heunggongvirae;Uroviricota;Caudoviricetes	dsDNA	Prokaryote	0.0	14.898541	6.112842	0.0	0.0	17.726908	4.236161	3.5631678	5.8915925	11.147615	6.694496	7.018277	0.0	0.0	12.1454735
Pcaliculata07	Pcaliculata07_contig_7607	5233	No	13	1	0	Low-quality	Genome-fragment	4.69	HMM-based (lower-bound)	1.0		11	0.8333	0	0.0	Unclassified	Unknown	Unknown	0.0	16.700117	8.679232	5.149559	0.0	22.265146	18.043959	0.0	6.5061836	0.0	20.911186	22.420801	0.0	8.788502	28.218393
Pcaliculata07	Pcaliculata07_contig_8040	15835	No	23	11	0	Low-quality	Genome-fragment	15.87	HMM-based (lower-bound)	1.03		11	0.9686	6	21.3408	Viruses;Duplodnaviria;Heunggongvirae;Uroviricota;Caudoviricetes	dsDNA	Prokaryote	0.0	37.16056	24.61897	0.0	0.0	58.54388	42.87678	0.0	15.050712	0.0	17.276323	44.730896	0.0	28.317318	0.0
Pcaliculata07	Pcaliculata07_contig_8134	8506	No	16	2	0	Low-quality	Genome-fragment	9.63	HMM-based (lower-bound)	1.0		11	0.8294	2	3.0339	Viruses;Duplodnaviria;Heunggongvirae;Uroviricota;Caudoviricetes	dsDNA	Prokaryote	0.0	6.164475	3.559716	0.0	0.0	10.124462	1.5858392	0.0	7.433562	0.0	0.0	4.597854	0.0	7.659631	0.0
Pcaliculata07	Pcaliculata07_contig_9028	14928	No	25	3	2	Low-quality	Genome-fragment	16.68	HMM-based (lower-bound)	1.0		11	0.8511	3	5.6948	Viruses;Duplodnaviria;Heunggongvirae;Uroviricota;Caudoviricetes	dsDNA	Prokaryote	0.0	28.880789	13.691244	0.0	0.0	31.220127	0.0	0.0	0.0	0.0	12.994802	24.16098	0.0	22.335821	0.0
Pcaliculata13	Pcaliculata13_contig_11222	6968	No	10	2	0	Low-quality	Genome-fragment	11.67	HMM-based (lower-bound)	1.02		11	0.7587	1	3.7341	Viruses;Duplodnaviria;Heunggongvirae;Uroviricota;Caudoviricetes	dsDNA	Prokaryote	0.0	978.2654	618.1372	1300.0717	1598.9525	804.07294	1986.2035	828.8156	1547.521	1579.6154	1556.8767	1809.7865	0.0	708.97205	1519.9476
Pcaliculata13	Pcaliculata13_contig_11357	13404	No	17	1	0	Low-quality	Genome-fragment	7.26	HMM-based (lower-bound)	1.0		11	0.7685	2	6.7903	Viruses;Duplodnaviria;Heunggongvirae;Uroviricota;Caudoviricetes	dsDNA	Prokaryote	0.0	33.468426	16.377377	0.0	0.0	26.833193	0.0	0.0	0.0	0.0	0.0	0.0	0.0	19.156876	0.0
Pcaliculata13	Pcaliculata13_contig_11713	8962	No	9	1	0	Low-quality	Genome-fragment	17.47	AAI-based (medium-confidence)	1.0		11	0.7159	0	3.072	Viruses;Duplodnaviria;Heunggongvirae;Uroviricota;Caudoviricetes	dsDNA	Prokaryote	0.0	0.0	0.0	0.0	0.0	0.0	0.0	0.0	0.0	0.0	0.0	0.0	0.0	18.388563	0.0
Pcaliculata13	Pcaliculata13_contig_12175	9335	No	18	1	1	Low-quality	Genome-fragment	9.09	HMM-based (lower-bound)	1.0		11	0.9548	1	6.5317	Viruses;Duplodnaviria;Heunggongvirae;Uroviricota;Caudoviricetes;Demerecviridae	dsDNA	Prokaryote	0.0	868.144	561.9526	0.0	0.0	1013.7036	923.8417	0.0	0.0	691.0859	829.6235	1130.2446	0.0	855.18335	1117.8496
Pcaliculata13	Pcaliculata13_contig_12408	8704	No	14	3	1	Low-quality	Genome-fragment	14.63	HMM-based (lower-bound)	1.0		11	0.7738	1	1.3404	Unclassified	Unknown	Unknown	0.0	0.0	12.175587	0.0	0.0	0.0	0.0	0.0	0.0	0.0	0.0	0.0	0.0	16.732046	0.0
Pcaliculata13	Pcaliculata13_contig_12612_1_1_5623	5623	Yes	10	4	0	Low-quality	Genome-fragment	6.95	HMM-based (lower-bound)	1.0	1-5623	11	0.8722	5	5.5165	Viruses;Duplodnaviria;Heunggongvirae;Uroviricota;Caudoviricetes	dsDNA	Prokaryote	0.0	3.1083658	4.7117333	3.993663	0.0	5.4054465	5.597489	10.761653	0.0	7.3649993	5.3074985	6.182441	0.771491	10.223686	0.0
Pcaliculata13	Pcaliculata13_contig_1445	6378	No	11	2	1	Low-quality	Genome-fragment	10.98	HMM-based (lower-bound)	1.0		11	0.7698	1	3.1854	Viruses;Duplodnaviria;Heunggongvirae;Uroviricota;Caudoviricetes	dsDNA	Prokaryote	0.0	0.0	62.30968	0.0	0.0	0.0	24.674412	0.0	58.719887	0.0	0.0	17.714418	0.0	53.479805	25.725039
Pcaliculata13	Pcaliculata13_contig_14814	10997	No	19	5	0	Low-quality	Genome-fragment	24.68	HMM-based (lower-bound)	1.0		11	0.9399	3	11.53	Viruses;Duplodnaviria;Heunggongvirae;Uroviricota;Caudoviricetes	dsDNA	Prokaryote	0.0	0.0	9.98101	0.0	0.0	2.7639203	0.0	0.0	0.0	11.297643	0.0	0.0	0.0	19.167822	0.0
Pcaliculata13	Pcaliculata13_contig_16649	7007	No	8	2	0	Low-quality	Genome-fragment	13.61	HMM-based (lower-bound)	1.0		11	0.8887	3	4.233	Viruses;Duplodnaviria;Heunggongvirae;Uroviricota;Caudoviricetes	dsDNA	Prokaryote	0.0	6.651764	0.0	0.0	0.0	2.8918536	0.0	0.0	0.0	0.0	0.0	0.0	0.0	1.6408672	0.0
Pcaliculata13	Pcaliculata13_contig_16821	38071	No	89	1	0	Low-quality	Genome-fragment	35.17	HMM-based (lower-bound)	1.0		11	0.8381	1	0.1644	Viruses;Duplodnaviria;Heunggongvirae;Uroviricota;Caudoviricetes	dsDNA	Prokaryote	0.0	0.0	860.04816	0.0	0.0	0.0	0.0	260.872	0.0	0.0	0.0	0.0	0.0	807.9587	0.0
Pcaliculata13	Pcaliculata13_contig_17111	5216	No	8	1	0	Low-quality	Genome-fragment	7.34	HMM-based (lower-bound)	1.0		11	0.8657	1	6.8513	Viruses;Duplodnaviria;Heunggongvirae;Uroviricota;Caudoviricetes	dsDNA	Prokaryote	0.0	31.27515	12.33565	17.22114	3.336116	19.424097	43.101826	18.127148	36.36688	85.57215	88.68539	38.3229	0.0	22.042862	69.20312
Pcaliculata13	Pcaliculata13_contig_19243	10140	No	21	1	1	Low-quality	Genome-fragment	9.1	HMM-based (lower-bound)	1.0		11	0.7521	1	1.6835	Viruses;Duplodnaviria;Heunggongvirae;Uroviricota;Caudoviricetes	dsDNA	Prokaryote	0.0	940.5669	661.0455	1100.6721	0.0	963.7019	119.28274	1102.1648	0.0	100.28884	1223.3909	0.0	0.0	530.65643	1110.8185
Pcaliculata13	Pcaliculata13_contig_20440	8150	No	11	2	0	Low-quality	Genome-fragment	14.27	HMM-based (lower-bound)	1.0		11	0.7583	1	5.3018	Viruses;Duplodnaviria;Heunggongvirae;Uroviricota;Caudoviricetes	dsDNA	Prokaryote	0.0	0.0	4.64401	0.0	0.0	13.052994	0.0	4.1764946	15.516535	0.0	7.934005	0.0	0.0	9.404955	0.0
Pcaliculata13	Pcaliculata13_contig_22375	20149	No	31	3	2	Low-quality	Genome-fragment	17.15	HMM-based (lower-bound)	1.0		11	0.8549	0	7.1747	Viruses;Duplodnaviria;Heunggongvirae;Uroviricota;Caudoviricetes	dsDNA	Prokaryote	0.0	355.65634	161.73366	0.0	0.0	326.0881	153.3086	206.099	248.15247	0.0	154.04152	127.675125	0.0	176.89427	165.3039
Pcaliculata13	Pcaliculata13_contig_23287	9783	No	19	1	0	Low-quality	Genome-fragment	14.05	HMM-based (lower-bound)	1.0		11	0.7262	2	5.5918	Viruses;Duplodnaviria;Heunggongvirae;Uroviricota;Caudoviricetes	dsDNA	Prokaryote	0.0	0.0	0.0	0.0	0.0	0.0	0.0	0.0	0.0	0.0	0.0	0.0	0.0	27.422707	0.0
Pcaliculata13	Pcaliculata13_contig_23357	19670	No	43	5	0	Low-quality	Genome-fragment	30.17	HMM-based (lower-bound)	1.0		11	0.9533	4	5.4549	Viruses;Duplodnaviria;Heunggongvirae;Uroviricota;Caudoviricetes	dsDNA	Prokaryote	0.0	0.0	10.775425	0.0	0.0	0.0	0.0	0.0	1.2363591	0.0	0.0	0.0	0.0	17.145992	0.0
Pcaliculata13	Pcaliculata13_contig_23628_6174_15524	9351	Yes	18	8	0	Low-quality	Genome-fragment	18.52	HMM-based (lower-bound)	1.01	6174-15524	11	0.9429	6	11.4434	Viruses;Duplodnaviria;Heunggongvirae;Uroviricota;Caudoviricetes	dsDNA	Prokaryote	0.0	0.0	10.118886	0.0	0.0	0.0	0.0	2.4267232	0.0	12.302128	0.0	0.0	0.0	17.21375	0.0
Pcaliculata13	Pcaliculata13_contig_23814	11365	No	25	1	0	Low-quality	Genome-fragment	19.49	HMM-based (lower-bound)	1.02		11	0.7481	1	3.0535	Viruses;Duplodnaviria;Heunggongvirae;Uroviricota;Caudoviricetes	dsDNA	Prokaryote	0.0	0.0	0.0	0.0	0.0	0.0	0.0	0.0	0.0	0.0	21.445362	0.0	0.0	8.43053	0.0
Pcaliculata13	Pcaliculata13_contig_24093	66834	No	138	7	1	Low-quality	Genome-fragment	44.44	HMM-based (lower-bound)	1.0		11	0.9646	2	12.2772	Viruses;Duplodnaviria;Heunggongvirae;Uroviricota;Caudoviricetes	dsDNA	Prokaryote	0.0	0.0	5.9462423	0.0	0.0	0.0	0.0	5.2627473	0.0	0.0	0.0	0.0	0.0	12.730335	0.0
Pcaliculata13	Pcaliculata13_contig_3830	5725	No	11	1	1	Low-quality	Genome-fragment	10.38	HMM-based (lower-bound)	1.0		11	0.7017	1	1.4856	Viruses;Duplodnaviria;Heunggongvirae;Uroviricota;Caudoviricetes	dsDNA	Prokaryote	0.0	14.247265	7.272236	2.3535058	0.0	4.4242835	3.9269717	0.0	11.04452	12.056301	6.0817595	5.3132544	0.0	16.73589	15.762597
Pcaliculata13	Pcaliculata13_contig_4570	12200	No	12	1	1	Low-quality	Genome-fragment	18.25	HMM-based (lower-bound)	1.0		11	0.736	1	2.5414	Viruses;Duplodnaviria;Heunggongvirae;Uroviricota;Caudoviricetes	dsDNA	Prokaryote	0.0	0.0	363.5955	0.0	0.0	0.0	0.0	0.0	0.0	0.0	0.0	0.0	0.0	405.87003	0.0
Pcaliculata13	Pcaliculata13_contig_5475	16558	No	29	2	0	Low-quality	Genome-fragment	7.77	HMM-based (lower-bound)	1.0		11	0.9373	1	3.4259	Viruses;Duplodnaviria;Heunggongvirae;Uroviricota;Caudoviricetes	dsDNA	Prokaryote	0.0	0.0	13.714948	0.0	0.0	0.0	0.0	0.0	0.0	0.0	0.0	0.0	0.0	20.368504	0.0
Pcaliculata13	Pcaliculata13_contig_5476	107564	No	205	22	4	Medium-quality	Genome-fragment	82.21	HMM-based (lower-bound)	1.04		11	0.919	14	25.2652	Viruses;Duplodnaviria;Heunggongvirae;Uroviricota;Caudoviricetes	dsDNA	Prokaryote	0.0	0.0	9.67646	0.0	0.0	0.0	0.0	0.0	0.0	0.0	0.0	0.0	0.0	16.78179	0.0
Pcaliculata13	Pcaliculata13_contig_5554	7981	No	14	1	0	Low-quality	Genome-fragment	8.72	HMM-based (lower-bound)	1.0		11	0.9401	0	3.424	Viruses;Duplodnaviria;Heunggongvirae;Uroviricota;Caudoviricetes	dsDNA	Prokaryote	0.0	0.0	8.061992	0.0	0.0	10.790462	6.197245	7.1082225	0.0	9.224885	0.0	12.523007	0.0	12.005134	0.0
Pcaliculata13	Pcaliculata13_contig_6366	24801	No	49	14	1	Low-quality	Genome-fragment	43.7	HMM-based (lower-bound)	1.01		11	0.8854	14	25.2286	Viruses;Duplodnaviria;Heunggongvirae;Uroviricota;Caudoviricetes	dsDNA	Prokaryote	0.0	0.0	22.891424	0.0	0.0	0.0	0.0	0.0	0.0	0.0	0.0	0.0	0.0	21.943377	0.0
Pcaliculata13	Pcaliculata13_contig_6693	9059	No	18	1	0	Low-quality	Genome-fragment	8.13	HMM-based (lower-bound)	1.0		11	0.7073	1	2.7433	Viruses;Duplodnaviria;Heunggongvirae;Uroviricota;Caudoviricetes	dsDNA	Prokaryote	0.0	0.0	5.431425	0.0	0.0	0.0	6.94882	2.0874534	0.0	0.0	7.137889	3.8374949	0.0	14.384109	0.0
Pcaliculata13	Pcaliculata13_contig_8077	12073	No	22	8	0	Low-quality	Genome-fragment	9.85	HMM-based (lower-bound)	1.03		11	0.9675	3	17.0778	Viruses;Duplodnaviria;Heunggongvirae;Uroviricota;Caudoviricetes;Demerecviridae	dsDNA	Prokaryote	0.0	0.0	0.0	0.0	0.0	0.0	0.0	0.0	0.0	0.0	0.0	0.0	0.0	247.29002	0.0
Pcaliculata13	Pcaliculata13_contig_8294	5573	No	7	2	0	Low-quality	Genome-fragment	6.78	HMM-based (lower-bound)	1.0		11	0.9436	2	4.5661	Viruses;Duplodnaviria;Heunggongvirae;Uroviricota;Caudoviricetes	dsDNA	Prokaryote	0.0	5.2270894	4.0748625	0.0	0.0	9.998898	4.0340776	0.0	2.6182506	0.8256752	3.5700777	4.6784315	0.0	18.56774	0.0
Pcaliculata13	Pcaliculata13_contig_9021	20273	No	24	1	0	Low-quality	Genome-fragment	19.01	HMM-based (lower-bound)	1.0		11	0.8601	4	11.5247	Viruses;Duplodnaviria;Heunggongvirae;Uroviricota;Caudoviricetes	dsDNA	Prokaryote	0.0	0.0	0.0	0.0	0.0	0.0	0.0	0.0	0.0	0.0	0.0	0.0	0.0	5.2932734	0.0
Pcaliculata14	Pcaliculata14_contig_10643	34093	No	64	1	1	Low-quality	Genome-fragment	31.49	HMM-based (lower-bound)	1.0		11	0.9209	0	2.9031	Viruses;Duplodnaviria;Heunggongvirae;Uroviricota;Caudoviricetes;Autographiviridae	dsDNA	Prokaryote	0.0	0.0	3536.7473	0.0	0.0	7.726567	0.0	325.7001	0.0	47.10408	21.738409	54.80767	3.9445312	2940.7415	0.0
Pcaliculata14	Pcaliculata14_contig_10649	11810	No	26	1	0	Low-quality	Genome-fragment	10.91	HMM-based (lower-bound)	1.0		11	0.7263	0	0.0	Unclassified	Unknown	Unknown	0.0	0.0	81.40191	0.0	0.0	0.0	0.0	404.78482	0.0	0.0	0.0	0.0	0.0	183.35081	0.0
Pcaliculata14	Pcaliculata14_contig_11009	52377	No	87	13	2	Medium-quality	Genome-fragment	74.54	HMM-based (lower-bound)	1.0		11	0.9513	6	15.6368	Viruses;Duplodnaviria;Heunggongvirae;Uroviricota;Caudoviricetes	dsDNA	Prokaryote	0.0	0.0	28.109928	0.0	0.0	0.0	0.0	0.0	0.0	0.0	0.0	0.0	0.0	12.366033	0.0
Pcaliculata14	Pcaliculata14_contig_11010	19641	No	39	2	2	Low-quality	Genome-fragment	33.95	HMM-based (lower-bound)	1.0		11	0.8553	1	5.7484	Viruses;Duplodnaviria;Heunggongvirae;Uroviricota;Caudoviricetes	dsDNA	Prokaryote	0.0	0.0	19.655647	0.0	0.0	0.0	0.0	0.0	0.0	0.0	0.0	0.0	0.0	15.220023	0.0
Pcaliculata14	Pcaliculata14_contig_11011	20172	No	27	8	3	Low-quality	Genome-fragment	30.21	HMM-based (lower-bound)	1.0		11	0.9071	5	7.1658	Viruses;Duplodnaviria;Heunggongvirae;Uroviricota;Caudoviricetes	dsDNA	Prokaryote	0.0	0.0	11.820677	0.0	0.0	0.0	0.0	0.0	0.0	0.0	0.0	0.0	0.0	12.9194565	0.0
Pcaliculata14	Pcaliculata14_contig_11012	61558	No	109	10	1	Medium-quality	Genome-fragment	71.37	HMM-based (lower-bound)	1.0		11	0.8944	8	15.0635	Viruses;Duplodnaviria;Heunggongvirae;Uroviricota;Caudoviricetes	dsDNA	Prokaryote	0.0	0.0	16.108961	0.0	0.0	0.0	0.0	0.0	0.0	0.0	0.0	0.0	0.0	9.587834	0.0
Pcaliculata14	Pcaliculata14_contig_11804_77065_85844	8780	Yes	18	3	0	Low-quality	Genome-fragment	9.18	HMM-based (lower-bound)	1.0	77065-85844	11	0.9299	3	7.9088	Viruses;Duplodnaviria;Heunggongvirae;Uroviricota;Caudoviricetes	dsDNA	Prokaryote	0.0	0.0	13.794508	0.0	0.0	0.0	0.0	2.153786	0.0	0.0	0.0	0.0	0.0	17.896729	0.0
Pcaliculata14	Pcaliculata14_contig_11984	10577	No	20	1	0	Low-quality	Genome-fragment	8.67	HMM-based (lower-bound)	1.0		11	0.925	1	7.3203	Viruses;Duplodnaviria;Heunggongvirae;Uroviricota;Caudoviricetes	dsDNA	Prokaryote	0.0	34.15137	20.39685	0.0	0.0	27.77883	22.955912	22.169518	0.0	0.0	0.0	16.022865	0.0	23.190054	51.966427
Pcaliculata14	Pcaliculata14_contig_12627	6573	No	11	2	0	Low-quality	Genome-fragment	5.67	HMM-based (lower-bound)	1.0		11	0.9603	2	4.1722	Viruses;Duplodnaviria;Heunggongvirae;Uroviricota;Caudoviricetes	dsDNA	Prokaryote	0.0	0.0	9.213128	0.0	0.0	0.0	0.0	0.0	0.0	0.0	2.2702012	0.0	0.0	0.0	3.7442787
Pcaliculata14	Pcaliculata14_contig_13474	11463	No	19	2	0	Low-quality	Genome-fragment	22.51	HMM-based (lower-bound)	1.0		11	0.8658	2	6.3189	Viruses;Duplodnaviria;Heunggongvirae;Uroviricota;Caudoviricetes	dsDNA	Prokaryote	0.0	0.0	19.150515	0.0	0.0	0.0	0.0	23.425406	0.0	0.0	0.0	9.856282	0.0	18.054264	0.0
Pcaliculata14	Pcaliculata14_contig_135_9647_85464	75818	Yes	156	9	4	Low-quality	Genome-fragment	41.28	HMM-based (lower-bound)	1.01	9647-85464	11	0.9431	0	26.127	Viruses;Duplodnaviria;Heunggongvirae;Uroviricota;Caudoviricetes	dsDNA	Prokaryote	0.0	334.96045	1884.3469	0.0	0.0	102.42791	0.0	481.47314	0.0	729.38727	305.3239	755.17804	3.5474663	1800.9069	260.66037
Pcaliculata14	Pcaliculata14_contig_13680_1_10318_17592	7275	Yes	12	2	0	Low-quality	Genome-fragment	7.18	HMM-based (lower-bound)	1.0	10318-17592	11	0.9694	1	6.2668	Viruses;Duplodnaviria;Heunggongvirae;Uroviricota;Caudoviricetes	dsDNA	Prokaryote	0.0	0.0	2.601284	0.0	0.0	4.1779833	0.0	0.0	0.0	0.0	0.0	0.0	0.0	2.6340337	0.0
Pcaliculata14	Pcaliculata14_contig_14341	32722	No	58	6	1	Low-quality	Genome-fragment	27.34	HMM-based (lower-bound)	1.0		11	0.925	4	7.4504	Viruses;Duplodnaviria;Heunggongvirae;Uroviricota;Caudoviricetes	dsDNA	Prokaryote	0.0	0.0	48.11763	0.0	0.0	0.0	0.0	0.0	0.0	0.0	0.0	0.0	0.0	21.433622	0.0
Pcaliculata14	Pcaliculata14_contig_14627	44060	No	86	4	1	Low-quality	Genome-fragment	44.54	HMM-based (lower-bound)	1.03		11	0.9267	2	8.8792	Viruses;Duplodnaviria;Heunggongvirae;Uroviricota;Caudoviricetes	dsDNA	Prokaryote	0.0	3.570247	7.6453304	0.0	0.0	0.0	0.0	0.0	0.0	0.0	0.0	0.0	0.0	3.8273	0.0
Pcaliculata14	Pcaliculata14_contig_15314	15212	No	26	3	0	Low-quality	Genome-fragment	37.08	HMM-based (lower-bound)	1.0		11	0.8847	2	10.1104	Viruses;Duplodnaviria;Heunggongvirae;Uroviricota;Caudoviricetes	dsDNA	Prokaryote	0.0	0.0	9.454706	0.0	0.0	0.0	0.0	0.0	0.0	0.0	0.0	0.0	0.0	8.565977	0.0
Pcaliculata14	Pcaliculata14_contig_16190	15643	No	26	3	1	Low-quality	Genome-fragment	6.92	HMM-based (lower-bound)	1.0		11	0.8466	3	7.7999	Viruses;Duplodnaviria;Heunggongvirae;Uroviricota;Caudoviricetes	dsDNA	Prokaryote	0.0	0.0	46.454945	0.0	0.0	0.0	0.0	0.0	0.0	0.0	0.0	0.0	0.0	13.474943	0.0
Pcaliculata14	Pcaliculata14_contig_16367	13888	No	28	4	0	Low-quality	Genome-fragment	12.92	HMM-based (lower-bound)	1.0		11	0.8967	3	4.3806	Viruses;Duplodnaviria;Heunggongvirae;Uroviricota;Caudoviricetes	dsDNA	Prokaryote	0.0	0.0	12.808813	0.0	0.0	0.0	0.0	0.0	0.0	0.0	0.0	0.0	0.0	9.934525	0.0
Pcaliculata14	Pcaliculata14_contig_17114	9355	No	17	2	0	Low-quality	Genome-fragment	8.84	HMM-based (lower-bound)	1.0		11	0.8287	2	6.4609	Viruses;Duplodnaviria;Heunggongvirae;Uroviricota;Caudoviricetes;Demerecviridae	dsDNA	Prokaryote	0.0	17.43786	10.923724	0.0	0.0	12.454678	14.419186	12.1284275	10.918286	20.658737	28.711555	0.0	0.0	16.796715	47.35442
Pcaliculata14	Pcaliculata14_contig_17421	14127	No	33	2	0	Low-quality	Genome-fragment	9.09	HMM-based (lower-bound)	1.0		11	0.9137	2	5.3968	Viruses;Duplodnaviria;Heunggongvirae;Uroviricota;Caudoviricetes	dsDNA	Prokaryote	0.0	0.0	13.663783	0.0	0.0	0.0	0.0	0.0	0.0	0.0	0.0	0.0	0.0	7.86742	0.0
Pcaliculata14	Pcaliculata14_contig_18932	6296	No	10	2	0	Low-quality	Genome-fragment	7.64	HMM-based (lower-bound)	1.0		11	0.9321	1	1.6621	Unclassified	Unknown	Unknown	0.0	12.029778	10.820779	0.0	0.0	36.20731	21.424952	16.819782	13.905505	15.348038	21.330732	20.015726	0.0	20.696575	16.939054
Pcaliculata14	Pcaliculata14_contig_19298	18524	No	34	2	0	Low-quality	Genome-fragment	4.49	HMM-based (lower-bound)	1.0		11	0.7287	1	1.7077	Viruses;Duplodnaviria;Heunggongvirae;Uroviricota;Caudoviricetes	dsDNA	Prokaryote	0.0	0.0	28.196491	0.0	0.0	0.0	0.0	0.0	0.0	0.0	0.0	0.0	0.0	5.793054	0.0
Pcaliculata14	Pcaliculata14_contig_19681	9799	No	16	2	1	Low-quality	Genome-fragment	11.89	HMM-based (lower-bound)	1.0		11	0.7614	2	3.0125	Viruses;Duplodnaviria;Heunggongvirae;Uroviricota;Caudoviricetes	dsDNA	Prokaryote	0.0	0.0	48.667557	0.0	0.0	8.788517	13.7658415	0.0	77.92861	62.455143	0.0	0.0	0.0	60.622555	0.0
Pcaliculata14	Pcaliculata14_contig_19828_13445_27841	11483	Yes	17	6	1	Low-quality	Genome-fragment	16.23	HMM-based (lower-bound)	1.0	13445-27841	11	0.9673	6	10.4104	Viruses;Duplodnaviria;Heunggongvirae;Uroviricota;Caudoviricetes	dsDNA	Prokaryote	0.0	0.0	30.323772	0.0	0.0	18.52859	0.0	0.0	0.0	0.0	0.0	0.0	0.0	46.39207	0.0
Pcaliculata14	Pcaliculata14_contig_19870	15280	No	31	2	0	Low-quality	Genome-fragment	6.44	HMM-based (lower-bound)	1.0		11	0.8622	0	2.6525	Viruses;Duplodnaviria;Heunggongvirae;Uroviricota;Caudoviricetes;Ackermannviridae	dsDNA	Prokaryote	0.0	0.0	7.678725	0.0	0.0	0.0	0.0	0.0	0.0	0.0	0.0	0.0	0.0	11.537688	0.0
Pcaliculata14	Pcaliculata14_contig_20262	7255	No	12	1	0	Low-quality	Genome-fragment	5.32	HMM-based (lower-bound)	1.0		11	0.7772	0	4.5726	Viruses;Duplodnaviria;Heunggongvirae;Uroviricota;Caudoviricetes	dsDNA	Prokaryote	0.0	0.0	15.65073	0.0	0.0	0.0	0.0	0.0	0.0	0.0	0.0	0.0	0.0	6.339108	0.0
Pcaliculata14	Pcaliculata14_contig_21202	26931	No	71	1	0	Low-quality	Genome-fragment	17.2	HMM-based (lower-bound)	1.0		11	0.9602	0	3.8398	Viruses;Duplodnaviria;Heunggongvirae;Uroviricota;Caudoviricetes	dsDNA	Prokaryote	0.0	3.6776924	11.383696	0.0	0.0	0.0	0.0	0.0	0.0	0.0	0.0	0.0	0.0	5.550044	0.0
Pcaliculata14	Pcaliculata14_contig_21603	6784	No	16	1	0	Low-quality	Genome-fragment	4.38	HMM-based (lower-bound)	1.01		11	0.9735	0	5.1535	Viruses;Duplodnaviria;Heunggongvirae;Uroviricota;Caudoviricetes	dsDNA	Prokaryote	0.0	44.65771	27.89555	0.0	0.0	50.030796	33.139614	31.219736	37.998726	41.37541	36.659866	41.635674	0.0	25.98701	0.0
Pcaliculata14	Pcaliculata14_contig_22305	5697	No	11	1	1	Low-quality	Genome-fragment	5.11	HMM-based (lower-bound)	1.0		11	0.8144	2	4.5598	Viruses;Duplodnaviria;Heunggongvirae;Uroviricota;Caudoviricetes	dsDNA	Prokaryote	0.0	0.0	16.60904	0.0	0.0	0.0	0.0	0.0	0.0	0.0	0.0	0.0	0.0	16.14542	4.3200183
Pcaliculata14	Pcaliculata14_contig_2325	10528	No	17	9	0	Low-quality	Genome-fragment	13.41	HMM-based (lower-bound)	1.0		11	0.9764	4	16.541	Viruses;Duplodnaviria;Heunggongvirae;Uroviricota;Caudoviricetes	dsDNA	Prokaryote	0.0	0.0	20.851286	0.0	0.0	31.276342	28.187809	26.224308	19.865595	21.85357	24.567682	32.607635	0.0	36.039074	32.727585
Pcaliculata14	Pcaliculata14_contig_23927	12178	No	25	2	1	Low-quality	Genome-fragment	9.98	HMM-based (lower-bound)	1.0		11	0.9776	2	13.7456	Viruses;Duplodnaviria;Heunggongvirae;Uroviricota;Caudoviricetes	dsDNA	Prokaryote	0.0	0.0	6.526706	0.0	0.0	0.0	0.0	0.0	0.0	0.0	0.0	0.0	0.0	4.4059176	0.0
Pcaliculata14	Pcaliculata14_contig_24753	40060	No	73	12	0	Low-quality	Genome-fragment	40.78	HMM-based (lower-bound)	1.0		11	0.896	9	25.8355	Viruses;Duplodnaviria;Heunggongvirae;Uroviricota;Caudoviricetes	dsDNA	Prokaryote	0.0	0.0	10.487278	0.0	0.0	0.0	0.0	0.0	0.0	0.0	0.0	0.0	0.0	7.9405656	0.0
Pcaliculata14	Pcaliculata14_contig_2845	8871	No	13	1	0	Low-quality	Genome-fragment	12.95	HMM-based (lower-bound)	1.0		11	0.8026	2	3.8488	Viruses;Duplodnaviria;Heunggongvirae;Uroviricota;Caudoviricetes	dsDNA	Prokaryote	0.54042053	248.91185	197.96852	41.51555	0.0	346.05768	311.7208	189.29427	129.39528	177.39928	273.06317	329.67087	0.0	264.40103	329.22134
Pcaliculata14	Pcaliculata14_contig_2871_3_16589	16587	Yes	22	5	1	Low-quality	Genome-fragment	18.72	HMM-based (lower-bound)	1.0	3-16589	11	0.8647	6	12.2244	Viruses;Duplodnaviria;Heunggongvirae;Uroviricota;Caudoviricetes	dsDNA	Prokaryote	0.0	10.186128	5.476387	4.3323307	0.0	7.940611	0.0	5.244294	3.8120139	8.045045	7.796725	0.0	0.0	7.3937783	8.902566
Pcaliculata14	Pcaliculata14_contig_2875	22602	No	47	3	1	Low-quality	Genome-fragment	15.23	HMM-based (lower-bound)	1.07		11	0.7526	0	6.0797	Viruses;Duplodnaviria;Heunggongvirae;Uroviricota;Caudoviricetes	dsDNA	Prokaryote	0.0	189.97638	122.9136	25.23634	0.0	221.66537	171.48401	163.31648	131.48413	135.99655	142.38496	192.64552	0.0	162.6133	185.83762
Pcaliculata14	Pcaliculata14_contig_3052	22660	No	40	11	0	Low-quality	Genome-fragment	25.35	HMM-based (lower-bound)	1.02		11	0.9579	8	17.8271	Viruses;Duplodnaviria;Heunggongvirae;Uroviricota;Caudoviricetes	dsDNA	Prokaryote	0.0	0.0	18.373146	0.0	0.0	16.319672	20.438103	8.011399	0.0	0.0	0.0	0.0	0.0	0.0	0.0
Pcaliculata14	Pcaliculata14_contig_3594	18674	No	19	1	1	Low-quality	Genome-fragment	10.38	HMM-based (lower-bound)	1.08		11	0.7265	1	0.749	Viruses;Duplodnaviria;Heunggongvirae;Uroviricota;Caudoviricetes	dsDNA	Prokaryote	1.6687083	1081.0477	681.41406	212.36984	134.52382	1262.2465	801.326	1009.00525	635.5233	741.2057	727.16345	1052.28	4.6461325	919.8538	1004.7069
Pcaliculata14	Pcaliculata14_contig_5856	12634	No	26	6	0	Low-quality	Genome-fragment	13.48	HMM-based (lower-bound)	1.0		11	0.9589	5	13.5347	Viruses;Duplodnaviria;Heunggongvirae;Uroviricota;Caudoviricetes	dsDNA	Prokaryote	0.0	9.222912	16.776367	0.0	0.0	12.429948	12.45634	10.776772	6.9296393	5.0990057	6.2992063	16.853624	0.0	16.98758	9.740045
Pcaliculata14	Pcaliculata14_contig_6335	17591	No	29	1	0	Low-quality	Genome-fragment	15.62	HMM-based (lower-bound)	1.0		11	0.8157	0	3.4366	Viruses;Duplodnaviria;Heunggongvirae;Uroviricota;Caudoviricetes	dsDNA	Prokaryote	0.0	5.6303754	8.821534	0.0	0.0	17.85458	0.0	0.0	45.621803	22.234467	44.11038	0.0	0.0	7.189649	0.0
Pcaliculata14	Pcaliculata14_contig_9843	7975	No	7	1	0	Low-quality	Genome-fragment	18.38	AAI-based (medium-confidence)	1.0		11	0.7745	1	3.7627	Viruses;Duplodnaviria;Heunggongvirae;Uroviricota;Caudoviricetes	dsDNA	Prokaryote	0.0	385.7289	197.9047	349.728	270.96054	311.88843	523.77924	484.19702	560.4848	468.51517	402.91046	495.84827	0.0	172.04286	447.4753
Phycopsis	Phycopsis_contig_10731	18740	No	35	17	1	Low-quality	Genome-fragment	25.42	HMM-based (lower-bound)	1.0		11	0.975	8	31.4393	Viruses;Duplodnaviria;Heunggongvirae;Uroviricota;Caudoviricetes	dsDNA	Prokaryote	0.0	0.0	0.0	0.0	0.0	0.0	0.0	0.0	32.702423	0.0	0.0	0.0	0.0	0.0	0.0
Phycopsis	Phycopsis_contig_10732	10682	No	16	8	0	Low-quality	Genome-fragment	8.02	HMM-based (lower-bound)	1.09		11	0.9701	1	13.521	Viruses;Duplodnaviria;Heunggongvirae;Uroviricota;Caudoviricetes	dsDNA	Prokaryote	0.0	0.0	0.0	0.0	0.0	0.0	0.0	0.0	5.008632	0.0	0.0	0.0	0.0	0.0	0.0
Phycopsis	Phycopsis_contig_10828	6018	No	15	3	1	Low-quality	Genome-fragment	5.38	HMM-based (lower-bound)	1.0		11	0.9153	3	8.8133	Viruses;Duplodnaviria;Heunggongvirae;Uroviricota;Caudoviricetes;Demerecviridae	dsDNA	Prokaryote	0.0	0.0	0.0	0.0	0.0	0.0	0.0	0.0	461.4907	0.0	0.0	0.0	0.0	0.0	0.0
Phycopsis	Phycopsis_contig_10835_1_1_7538	7538	Yes	12	2	0	Low-quality	Genome-fragment	11.08	HMM-based (lower-bound)	1.01	1-7538	11	0.7643	1	6.7923	Viruses;Duplodnaviria;Heunggongvirae;Uroviricota;Caudoviricetes	dsDNA	Prokaryote	0.0	280.5624	143.60205	144.18787	13.011328	324.59323	131.22899	169.58507	143.2438	76.304855	116.7949	108.37766	0.0	132.19089	168.68874
Phycopsis	Phycopsis_contig_11032_45008_54126	9119	Yes	22	4	0	Low-quality	Genome-fragment	12.51	HMM-based (lower-bound)	1.0	45008-54126	11	0.9407	2	8.9482	Viruses;Duplodnaviria;Heunggongvirae;Uroviricota;Caudoviricetes	dsDNA	Prokaryote	0.0	0.6388983	0.0	0.0	0.0	0.0	0.0	2.0737188	17.067966	0.0	0.0	0.0	0.0	0.0	0.0
Phycopsis	Phycopsis_contig_11073_25414_45928	20515	Yes	31	2	0	Low-quality	Genome-fragment	28.68	HMM-based (lower-bound)	1.0	25414-45928	11	0.9617	2	12.4234	Viruses;Duplodnaviria;Heunggongvirae;Uroviricota;Caudoviricetes	dsDNA	Prokaryote	0.0	0.0	0.0	0.0	0.0	0.0	0.0	1.4748421	11.854342	0.0	0.0	0.0	0.0	0.0	0.0
Phycopsis	Phycopsis_contig_11530	5372	No	6	1	0	Low-quality	Genome-fragment	10.01	HMM-based (lower-bound)	1.0		11	0.7023	0	2.526	Viruses;Duplodnaviria;Heunggongvirae;Uroviricota;Caudoviricetes	dsDNA	Prokaryote	0.0	40.12774	7.0455475	18.393154	0.0	18.860033	28.458117	8.448358	73.33782	10.278827	20.370111	13.751529	0.0	13.555076	35.12387
Phycopsis	Phycopsis_contig_12347	16636	No	29	1	1	Low-quality	Genome-fragment	23.68	HMM-based (lower-bound)	1.0		11	0.8231	1	7.5642	Viruses;Duplodnaviria;Heunggongvirae;Uroviricota;Caudoviricetes	dsDNA	Prokaryote	0.0	53.93253	23.661112	0.0	0.0	75.21362	37.83924	27.0536	157.00171	39.553547	105.54375	22.464027	0.0	23.728626	111.44743
Phycopsis	Phycopsis_contig_12385	10849	No	16	1	0	Low-quality	Genome-fragment	16.23	HMM-based (lower-bound)	1.0		11	0.797	0	1.6086	Viruses;Duplodnaviria;Heunggongvirae;Uroviricota;Caudoviricetes	dsDNA	Prokaryote	0.0	12.888445	2.7909434	0.0	0.0	10.272625	13.262443	6.623552	34.520733	0.0	11.920387	10.0135565	0.0	0.0	0.0
Phycopsis	Phycopsis_contig_13149_61323_79095	17773	Yes	26	8	1	Low-quality	Genome-fragment	36.71	HMM-based (lower-bound)	1.02	61323-79095	11	0.8305	6	15.1598	Viruses;Duplodnaviria;Heunggongvirae;Uroviricota;Caudoviricetes	dsDNA	Prokaryote	0.0	0.0	0.0	0.0	0.0	51.59009	70.58407	0.0	272.02237	380.84674	103.54943	77.26173	0.0	0.0	82.62336
Phycopsis	Phycopsis_contig_13581	12588	No	17	2	0	Low-quality	Genome-fragment	24.73	HMM-based (lower-bound)	1.0		11	0.8525	2	9.2398	Viruses;Duplodnaviria;Heunggongvirae;Uroviricota;Caudoviricetes	dsDNA	Prokaryote	0.0	0.0	0.0	36.74938	0.0	0.0	0.0	0.0	9.65967	0.0	5.5319476	0.0	0.0	0.0	0.0
Phycopsis	Phycopsis_contig_14741_11700_31432	19733	Yes	24	1	0	Low-quality	Genome-fragment	22.91	HMM-based (lower-bound)	1.08	11700-31432	11	0.8025	4	11.1546	Viruses;Duplodnaviria;Heunggongvirae;Uroviricota;Caudoviricetes	dsDNA	Prokaryote	0.0	12.400384	3.4524715	8.42128	0.0	7.4448047	5.2408047	5.9414935	8.873365	2.5650623	0.0	0.0	0.0	3.4959376	0.0
Phycopsis	Phycopsis_contig_14875	9895	No	13	1	0	Low-quality	Genome-fragment	8.88	HMM-based (lower-bound)	1.0		11	0.7665	1	1.3624	Viruses;Duplodnaviria;Heunggongvirae;Uroviricota;Caudoviricetes	dsDNA	Prokaryote	0.0	0.0	0.0	0.0	0.0	0.0	0.0	0.0	12.780167	0.0	0.0	0.0	0.0	0.0	0.0
Phycopsis	Phycopsis_contig_15614_168_14507	14340	Yes	26	4	0	Low-quality	Genome-fragment	16.2	HMM-based (lower-bound)	1.0	168-14507	11	0.9559	4	9.4266	Viruses;Duplodnaviria;Heunggongvirae;Uroviricota;Caudoviricetes	dsDNA	Prokaryote	0.0	0.0	0.0	0.0	0.0	0.0	0.0	97.58422	80.72476	0.0	0.0	0.0	0.0	0.0	0.0
Phycopsis	Phycopsis_contig_15647_14771_49274	34504	Yes	65	2	1	Low-quality	Genome-fragment	28.9	HMM-based (lower-bound)	1.0	14771-49274	11	0.8935	3	7.3686	Viruses;Duplodnaviria;Heunggongvirae;Uroviricota;Caudoviricetes	dsDNA	Prokaryote	0.0	0.0	0.0	0.0	0.0	0.0	21.632261	0.0	374.9654	0.0	0.0	0.0	0.0	0.0	0.0
Phycopsis	Phycopsis_contig_15936	7332	No	10	1	0	Low-quality	Genome-fragment	10.44	HMM-based (lower-bound)	1.0		11	0.8411	2	6.8244	Viruses;Duplodnaviria;Heunggongvirae;Uroviricota;Caudoviricetes	dsDNA	Prokaryote	0.0	432.2703	198.22551	189.28035	9.709036	444.95068	144.72809	187.24544	242.79382	72.80041	190.6297	120.905426	0.0	174.58556	192.44939
Phycopsis	Phycopsis_contig_15946	8785	No	13	6	0	Low-quality	Genome-fragment	18.17	HMM-based (lower-bound)	1.0		11	0.929	4	9.32	Viruses;Duplodnaviria;Heunggongvirae;Uroviricota;Caudoviricetes	dsDNA	Prokaryote	0.0	1.3263776	0.0	0.0	0.0	0.0	0.0	0.0	13.28766	0.0	2.830968	0.0	0.0	0.0	4.66916
Phycopsis	Phycopsis_contig_16195	7813	No	10	2	0	Low-quality	Genome-fragment	9.48	HMM-based (lower-bound)	1.0		11	0.8479	1	3.0687	Viruses;Duplodnaviria;Heunggongvirae;Uroviricota;Caudoviricetes	dsDNA	Prokaryote	0.0	0.0	0.0	0.0	0.0	0.0	0.0	0.0	33.61669	0.0	0.0	0.0	0.0	0.0	0.0
Phycopsis	Phycopsis_contig_16413	9278	No	15	3	0	Low-quality	Genome-fragment	11.25	HMM-based (lower-bound)	1.09		11	0.8813	2	3.0339	Viruses;Duplodnaviria;Heunggongvirae;Uroviricota;Caudoviricetes	dsDNA	Prokaryote	0.0	21.350277	0.0	0.0	0.0	97.73433	4.8462844	0.0	48.229465	0.0	0.0	0.0	0.0	0.0	0.0
Phycopsis	Phycopsis_contig_17250	7312	No	15	1	0	Low-quality	Genome-fragment	1.17	HMM-based (lower-bound)	1.0		11	0.8956	0	3.2594	Unclassified	Unknown	Unknown	0.0	0.0	0.5176242	0.0	0.0	2.7712278	0.0	0.0	22.616308	5.0344505	0.0	0.0	0.0	0.0	0.0
Phycopsis	Phycopsis_contig_17452	28631	No	48	9	0	Medium-quality	Genome-fragment	64.25	HMM-based (lower-bound)	1.0		11	0.8814	5	22.9878	Viruses;Duplodnaviria;Heunggongvirae;Uroviricota;Caudoviricetes	dsDNA	Prokaryote	0.0	0.0	0.0	0.0	0.0	0.0	0.0	0.0	15.1193285	0.0	3.4745631	0.0	0.0	0.0	0.0
Phycopsis	Phycopsis_contig_17741	9797	No	13	4	1	Low-quality	Genome-fragment	11.31	HMM-based (lower-bound)	1.01		11	0.9034	4	8.1369	Viruses;Duplodnaviria;Heunggongvirae;Uroviricota;Caudoviricetes	dsDNA	Prokaryote	0.0	0.0	0.0	0.0	0.0	0.0	0.0	0.0	35.74525	0.0	0.0	0.0	0.0	0.0	17.58477
Phycopsis	Phycopsis_contig_18041	8097	No	12	2	0	Low-quality	Genome-fragment	15.72	HMM-based (lower-bound)	1.0		11	0.8734	2	2.7698	Viruses;Duplodnaviria;Heunggongvirae;Uroviricota;Caudoviricetes	dsDNA	Prokaryote	0.0	0.0	0.0	0.0	0.0	0.0	0.0	3.73674	9.010443	2.2731817	0.0	0.0	0.0	0.0	0.0
Phycopsis	Phycopsis_contig_18476	7244	No	15	1	0	Low-quality	Genome-fragment	10.84	HMM-based (lower-bound)	1.0		11	0.9569	2	4.0437	Viruses;Duplodnaviria;Heunggongvirae;Uroviricota;Caudoviricetes	dsDNA	Prokaryote	0.0	4.0213375	0.0	0.0	0.0	0.0	0.0	0.0	4.700008	6.987351	0.0	0.0	0.0	0.0	0.0
Phycopsis	Phycopsis_contig_18653	41669	No	80	22	0	Medium-quality	Genome-fragment	73.55	HMM-based (lower-bound)	1.02		11	0.9494	16	27.8847	Viruses;Duplodnaviria;Heunggongvirae;Uroviricota;Caudoviricetes	dsDNA	Prokaryote	0.0	0.0	0.0	0.0	0.0	0.0	0.0	0.0	169.36876	0.0	8.47524	0.0	0.0	0.0	0.0
Phycopsis	Phycopsis_contig_18800_24164_70268	46105	Yes	72	2	1	Low-quality	Genome-fragment	45.78	HMM-based (lower-bound)	1.01	24164-70268	11	0.9619	3	7.7295	Viruses;Duplodnaviria;Heunggongvirae;Uroviricota;Caudoviricetes	dsDNA	Prokaryote	0.0	0.0	0.0	0.0	0.0	0.0	0.0	0.0	16.140703	0.0	3.1286478	0.0	0.0	0.0	0.0
Phycopsis	Phycopsis_contig_19130	8096	No	9	2	0	Low-quality	Genome-fragment	9.82	HMM-based (lower-bound)	1.0		11	0.8818	1	3.0384	Viruses;Duplodnaviria;Heunggongvirae;Uroviricota;Caudoviricetes	dsDNA	Prokaryote	0.0	0.0	0.0	0.0	0.0	0.0	0.0	0.0	73.29398	0.0	0.0	0.0	0.0	0.0	0.0
Phycopsis	Phycopsis_contig_19807	5127	No	11	2	0	Low-quality	Genome-fragment	6.23	HMM-based (lower-bound)	1.0		11	0.94	1	3.0602	Viruses;Duplodnaviria;Heunggongvirae;Uroviricota;Caudoviricetes	dsDNA	Prokaryote	0.0	0.0	0.0	0.0	0.0	10.868706	11.401009	7.3767276	9.4867115	0.0	6.791121	11.865958	0.0	0.0	14.400902
Phycopsis	Phycopsis_contig_19840	12183	No	14	1	1	Low-quality	Genome-fragment	26.57	HMM-based (lower-bound)	1.01		11	0.8786	0	1.4712	Unclassified	Unknown	Unknown	0.0	0.0	0.0	0.0	0.0	0.0	0.0	0.0	19.562342	0.0	0.0	0.0	0.0	0.0	0.0
Phycopsis	Phycopsis_contig_20915	36935	No	57	1	1	Medium-quality	Genome-fragment	50.03	HMM-based (lower-bound)	1.04		11	0.8487	0	9.5868	Viruses;Duplodnaviria;Heunggongvirae;Uroviricota;Caudoviricetes	dsDNA	Prokaryote	0.0	1031.775	59.537247	0.0	0.0	647.644	704.98315	71.26859	657.6418	856.6355	487.7722	791.21094	0.0	38.39264	651.01086
Phycopsis	Phycopsis_contig_22049	15860	No	28	1	1	Low-quality	Genome-fragment	8.58	HMM-based (lower-bound)	1.0		11	0.7511	0	2.7256	Viruses;Duplodnaviria;Heunggongvirae;Uroviricota;Caudoviricetes	dsDNA	Prokaryote	0.0	0.0	0.0	0.0	0.0	447.49008	339.35498	0.0	455.103	385.58496	0.0	0.0	0.0	0.0	0.0
Phycopsis	Phycopsis_contig_22277	41200	No	49	5	0	Medium-quality	Genome-fragment	71.46	HMM-based (lower-bound)	1.0		11	0.95	0	9.4551	Viruses;Duplodnaviria;Heunggongvirae;Uroviricota;Caudoviricetes	dsDNA	Prokaryote	0.0	0.0	0.0	0.0	0.0	0.0	1.4187615	0.0	17.235928	0.0	0.0	0.949256	0.0	0.0	0.0
Phycopsis	Phycopsis_contig_22660	10417	No	26	2	0	Low-quality	Genome-fragment	5.64	HMM-based (lower-bound)	1.0		11	0.929	0	3.3975	Viruses;Duplodnaviria;Heunggongvirae;Uroviricota;Caudoviricetes	dsDNA	Prokaryote	0.0	0.0	0.0	0.0	0.0	0.0	0.0	0.0	5.6029606	0.0	0.0	0.0	0.0	0.0	0.0
Phycopsis	Phycopsis_contig_22996	8693	No	14	4	0	Low-quality	Genome-fragment	10.0	HMM-based (lower-bound)	1.0		11	0.8743	3	4.3488	Viruses;Duplodnaviria;Heunggongvirae;Uroviricota;Caudoviricetes	dsDNA	Prokaryote	0.0	0.0	2.176963	0.0	0.0	1.7482358	4.137934	3.0454776	11.190238	0.0	8.582787	2.4994152	0.0	3.967867	6.606005
Phycopsis	Phycopsis_contig_23285	6466	No	12	1	1	Low-quality	Genome-fragment	5.8	HMM-based (lower-bound)	1.0		11	0.8286	2	3.0339	Viruses;Duplodnaviria;Heunggongvirae;Uroviricota;Caudoviricetes	dsDNA	Prokaryote	0.0	67.577866	40.3891	0.0	0.0	53.27478	39.63715	57.321484	45.133038	37.00547	53.078686	59.14051	0.0	39.71215	76.12479
Phycopsis	Phycopsis_contig_23717_7189_14525	7337	Yes	14	4	0	Low-quality	Genome-fragment	8.02	HMM-based (lower-bound)	1.0	7189-14525	11	0.9698	6	11.6783	Viruses;Duplodnaviria;Heunggongvirae;Uroviricota;Caudoviricetes	dsDNA	Prokaryote	0.0	0.0	0.0	0.0	0.0	0.0	0.0	0.0	17.235893	3.7629724	11.524899	3.5536187	0.0	0.0	15.6538105
Phycopsis	Phycopsis_contig_2429_2323_14326	12004	Yes	17	8	0	Low-quality	Genome-fragment	15.67	HMM-based (lower-bound)	1.0	2323-14326	11	0.9715	6	13.8845	Viruses;Duplodnaviria;Heunggongvirae;Uroviricota;Caudoviricetes	dsDNA	Prokaryote	0.0	0.0	0.6306011	0.0	0.0	0.0	7.866048	0.0	32.00959	18.399818	0.0	3.6200292	0.0	0.0	0.0
Phycopsis	Phycopsis_contig_24905	10085	No	16	1	0	Low-quality	Genome-fragment	13.66	HMM-based (lower-bound)	1.0		11	0.7704	0	0.0	Unclassified	Unknown	Unknown	0.0	0.0	0.0	0.0	0.0	0.0	0.0	0.0	5.305127	0.0	0.0	0.0	0.0	0.0	0.0
Phycopsis	Phycopsis_contig_25628	5926	No	10	1	0	Low-quality	Genome-fragment	6.84	HMM-based (lower-bound)	1.0		11	0.8482	2	2.653	Viruses;Duplodnaviria;Heunggongvirae;Uroviricota;Caudoviricetes	dsDNA	Prokaryote	0.0	6.882011	0.0	0.0	0.0	0.0	0.0	2.5528505	5.7453356	0.0	0.0	0.0	0.0	0.0	0.0
Phycopsis	Phycopsis_contig_25855	5896	No	8	1	0	Low-quality	Genome-fragment	7.72	HMM-based (lower-bound)	1.0		11	0.9488	3	5.1126	Viruses;Duplodnaviria;Heunggongvirae;Uroviricota;Caudoviricetes	dsDNA	Prokaryote	0.0	0.0	0.0	0.0	0.0	0.0	0.0	0.0	4.124692	0.0	0.0	0.0	0.0	0.0	0.0
Phycopsis	Phycopsis_contig_26003	12066	No	18	5	0	Low-quality	Genome-fragment	23.81	HMM-based (lower-bound)	1.0		11	0.8997	4	10.1088	Viruses;Duplodnaviria;Heunggongvirae;Uroviricota;Caudoviricetes	dsDNA	Prokaryote	0.0	0.0	0.0	0.0	0.0	5.877778	0.0	11.2840805	11.286875	0.0	0.0	0.0	0.0	2.2234073	0.0
Phycopsis	Phycopsis_contig_26154	22240	No	47	5	0	Low-quality	Genome-fragment	41.3	HMM-based (lower-bound)	1.0		11	0.9676	4	9.3511	Viruses;Duplodnaviria;Heunggongvirae;Uroviricota;Caudoviricetes	dsDNA	Prokaryote	0.0	0.0	0.0	0.0	0.0	0.0	0.0	0.0	8.966606	0.0	0.0	0.0	0.0	0.0	0.0
Phycopsis	Phycopsis_contig_26523	9971	No	13	2	0	Low-quality	Genome-fragment	13.13	HMM-based (lower-bound)	1.0		11	0.9644	4	7.6843	Viruses;Duplodnaviria;Heunggongvirae;Uroviricota;Caudoviricetes	dsDNA	Prokaryote	0.0	0.0	0.0	4.053902	0.0	0.0	0.0	0.0	295.11795	0.0	0.0	0.0	0.0	0.0	0.0
Phycopsis	Phycopsis_contig_27836	8835	No	12	1	0	Low-quality	Genome-fragment	14.0	HMM-based (lower-bound)	1.0		11	0.964	2	3.0498	Viruses;Duplodnaviria;Heunggongvirae;Uroviricota;Caudoviricetes	dsDNA	Prokaryote	0.0	0.0	0.0	0.0	0.0	0.0	2.0357137	0.0	12.111422	0.0	4.5039144	0.0	0.0	0.0	0.9285472
Phycopsis	Phycopsis_contig_28009	15653	No	31	2	0	Low-quality	Genome-fragment	8.38	HMM-based (lower-bound)	1.01		11	0.9535	1	6.8731	Viruses;Duplodnaviria;Heunggongvirae;Uroviricota;Caudoviricetes	dsDNA	Prokaryote	0.0	0.0	0.0	0.0	0.0	0.0	0.0	0.0	5.5931168	0.0	0.0	0.0	0.0	0.0	0.0
Phycopsis	Phycopsis_contig_28265	7959	No	15	1	1	Low-quality	Genome-fragment	9.91	HMM-based (lower-bound)	1.0		11	0.7493	0	2.5049	Unclassified	Unknown	Unknown	0.0	0.0	0.0	0.0	0.0	15.275702	0.0	0.0	13.444455	0.0	28.747894	20.201391	0.0	26.484299	32.983902
Phycopsis	Phycopsis_contig_28603	7682	No	13	2	0	Low-quality	Genome-fragment	14.35	AAI-based (high-confidence)	1.0		11	0.9755	0	10.7971	Viruses;Duplodnaviria;Heunggongvirae;Uroviricota;Caudoviricetes	dsDNA	Prokaryote	0.0	0.0	0.0	0.0	0.0	0.0	0.0	0.0	1.8994417	0.0	0.0	0.0	0.0	0.0	0.0
Phycopsis	Phycopsis_contig_30179	5837	No	13	2	0	Low-quality	Genome-fragment	9.45	HMM-based (lower-bound)	1.0		11	0.95	2	5.1182	Viruses;Duplodnaviria;Heunggongvirae;Uroviricota;Caudoviricetes	dsDNA	Prokaryote	0.0	0.0	0.0	0.0	0.0	0.0	0.0	0.0	4.999661	0.0	0.0	0.0	0.0	0.0	0.0
Phycopsis	Phycopsis_contig_31350_21729_34521	12793	Yes	21	3	0	Low-quality	Genome-fragment	24.19	HMM-based (lower-bound)	1.0	21729-34521	11	0.9237	4	9.6325	Viruses;Duplodnaviria;Heunggongvirae;Uroviricota;Caudoviricetes	dsDNA	Prokaryote	0.0	5.0095563	0.0	0.0	0.0	7.9196515	0.0	2.6607075	8.364294	4.6759434	3.4992647	0.0	0.0	0.0	0.0
Phycopsis	Phycopsis_contig_31798	18075	No	30	12	0	Low-quality	Genome-fragment	33.24	HMM-based (lower-bound)	1.0		11	0.972	5	17.9859	Viruses;Duplodnaviria;Heunggongvirae;Uroviricota;Caudoviricetes	dsDNA	Prokaryote	0.0	0.0	0.0	0.0	0.0	0.0	0.0	0.0	5.9200234	0.0	0.0	0.0	0.0	0.0	0.0
Phycopsis	Phycopsis_contig_32115	15746	No	30	3	2	Low-quality	Genome-fragment	20.54	HMM-based (lower-bound)	1.0		11	0.8975	2	7.0225	Viruses;Duplodnaviria;Heunggongvirae;Uroviricota;Caudoviricetes	dsDNA	Prokaryote	0.0	0.0	0.0	0.0	0.0	0.0	0.0	0.0	6.17787	0.0	0.0	0.0	0.0	0.0	0.0
Phycopsis	Phycopsis_contig_32198	23378	No	48	10	0	Low-quality	Genome-fragment	29.2	HMM-based (lower-bound)	1.0		11	0.9566	7	17.6894	Viruses;Duplodnaviria;Heunggongvirae;Uroviricota;Caudoviricetes	dsDNA	Prokaryote	0.0	0.0	0.0	0.0	0.0	0.0	0.0	0.0	7.9059715	0.0	0.0	0.0	0.0	0.0	0.0
Phycopsis	Phycopsis_contig_32256	8797	No	18	1	0	Low-quality	Genome-fragment	6.06	HMM-based (lower-bound)	1.0		11	0.7387	2	2.6336	Viruses;Duplodnaviria;Heunggongvirae;Uroviricota;Caudoviricetes	dsDNA	Prokaryote	0.0	0.0	0.0	0.0	0.0	0.0	0.0	0.0	6.6347666	0.0	0.0	0.0	0.0	0.0	0.0
Phycopsis	Phycopsis_contig_32875	7573	No	18	4	0	Low-quality	Genome-fragment	10.2	HMM-based (lower-bound)	1.0		11	0.9763	3	9.75	Viruses;Duplodnaviria;Heunggongvirae;Uroviricota;Caudoviricetes	dsDNA	Prokaryote	0.0	0.0	0.0	0.0	0.0	4.682508	0.0	5.4935336	4.4958215	4.253323	0.0	0.0	0.0	0.0	0.0
Phycopsis	Phycopsis_contig_32954	7556	No	15	6	0	Low-quality	Genome-fragment	9.02	HMM-based (lower-bound)	1.0		11	0.8768	4	11.233	Viruses;Duplodnaviria;Heunggongvirae;Uroviricota;Caudoviricetes;Demerecviridae	dsDNA	Prokaryote	0.0	0.0	4.007272	0.0	0.0	0.0	5.35567	0.0	7.724463	5.4808617	3.9497175	6.3261404	0.0	0.0	3.2571657
Phycopsis	Phycopsis_contig_33268	6582	No	13	1	0	Low-quality	Genome-fragment	9.85	HMM-based (lower-bound)	1.0		11	0.8769	1	2.5139	Viruses;Duplodnaviria;Heunggongvirae;Uroviricota;Caudoviricetes	dsDNA	Prokaryote	0.0	15.932854	5.7503314	0.0	0.0	3.848226	10.246999	14.939722	18.474009	9.787425	0.0	13.204143	0.0	9.316363	31.159657
Phycopsis	Phycopsis_contig_33321	7536	No	17	1	0	Low-quality	Genome-fragment	11.27	HMM-based (lower-bound)	1.0		11	0.7189	2	3.4287	Viruses;Duplodnaviria;Heunggongvirae;Uroviricota;Caudoviricetes	dsDNA	Prokaryote	0.0	0.77310425	0.0	0.0	0.0	6.72214	0.0	0.0	10.326617	0.0	7.2603664	2.8831496	0.0	0.0	13.06324
Phycopsis	Phycopsis_contig_33544	10959	No	14	2	0	Low-quality	Genome-fragment	13.65	HMM-based (lower-bound)	1.0		11	0.8113	1	2.4561	Viruses;Duplodnaviria;Heunggongvirae;Uroviricota;Caudoviricetes	dsDNA	Prokaryote	0.0	0.0	0.0	0.0	0.0	0.0	0.0	0.0	1860.9424	0.0	0.0	0.0	0.0	0.0	0.0
Phycopsis	Phycopsis_contig_34007	20437	No	29	2	1	Low-quality	Genome-fragment	22.26	HMM-based (lower-bound)	1.0		11	0.9011	0	1.9195	Viruses;Duplodnaviria;Heunggongvirae;Uroviricota;Caudoviricetes	dsDNA	Prokaryote	0.0	0.0	0.0	0.0	0.0	0.0	0.0	0.0	43.79048	0.0	0.0	0.0	0.0	0.0	0.0
Phycopsis	Phycopsis_contig_34179	6500	No	15	2	0	Low-quality	Genome-fragment	5.24	HMM-based (lower-bound)	1.01		11	0.9604	0	2.9196	Viruses;Duplodnaviria;Heunggongvirae;Uroviricota;Caudoviricetes	dsDNA	Prokaryote	0.0	66.328064	9.898886	0.0	0.0	76.376755	53.956593	6.9822426	163.12561	48.84657	42.08778	34.095333	0.0	6.4858017	53.008617
Phycopsis	Phycopsis_contig_35325	10245	No	17	1	0	Low-quality	Genome-fragment	13.88	HMM-based (lower-bound)	1.0		11	0.8788	2	5.5846	Viruses;Duplodnaviria;Heunggongvirae;Uroviricota;Caudoviricetes	dsDNA	Prokaryote	0.0	3.4120727	4.063792	0.0	0.0	10.878254	31.599758	0.0	27.06088	8.982895	0.0	50.47462	0.0	2.9926941	0.0
Phycopsis	Phycopsis_contig_35472_66_13385	13320	Yes	17	1	1	Low-quality	Genome-fragment	11.85	HMM-based (lower-bound)	1.0	66-13385	11	0.9581	2	9.8655	Viruses;Duplodnaviria;Heunggongvirae;Uroviricota;Caudoviricetes	dsDNA	Prokaryote	0.0	11.372293	8.524478	20.568144	0.0	23.57957	15.190481	12.209314	79.96849	4.8363986	112.02727	8.155937	0.0	10.070433	104.08617
Phycopsis	Phycopsis_contig_5194	8028	No	16	4	0	Low-quality	Genome-fragment	10.77	HMM-based (lower-bound)	1.0		11	0.9554	3	4.6997	Viruses;Duplodnaviria;Heunggongvirae;Uroviricota;Caudoviricetes	dsDNA	Prokaryote	0.0	732.25574	0.0	223.78043	0.0	675.8193	586.4116	448.96512	198.11592	498.66647	647.46405	693.3936	0.0	0.0	912.5458
Phycopsis	Phycopsis_contig_6041	9011	No	18	2	0	Low-quality	Genome-fragment	10.94	HMM-based (lower-bound)	1.0		11	0.7821	1	1.3504	Viruses;Duplodnaviria;Heunggongvirae;Uroviricota;Caudoviricetes	dsDNA	Prokaryote	0.0	25.86223	13.860908	4.4857903	0.0	35.417343	32.434235	15.109724	15.653232	20.426094	25.94368	31.345736	0.0	19.564518	32.7748
Phycopsis	Phycopsis_contig_6334	7231	No	11	1	0	Low-quality	Genome-fragment	7.04	HMM-based (lower-bound)	1.0		11	0.8775	3	12.618	Viruses;Duplodnaviria;Heunggongvirae;Uroviricota;Caudoviricetes	dsDNA	Prokaryote	0.0	4.8342805	0.0	0.0	0.0	5.6045413	5.596382	0.0	7.3990054	3.1817787	0.0	3.0047596	0.0	0.0	5.6726007
Phycopsis	Phycopsis_contig_6909	7640	No	12	1	1	Low-quality	Genome-fragment	11.43	HMM-based (lower-bound)	1.0		11	0.8956	2	4.0437	Viruses;Duplodnaviria;Heunggongvirae;Uroviricota;Caudoviricetes	dsDNA	Prokaryote	0.0	497.20236	280.3973	0.0	0.0	581.50665	492.60104	488.10202	375.61047	321.02005	378.91025	612.0079	0.0	423.383	468.1701
Phycopsis	Phycopsis_contig_6914	19839	No	41	2	0	Low-quality	Genome-fragment	24.11	HMM-based (lower-bound)	1.01		11	0.7199	1	2.5139	Viruses;Duplodnaviria;Heunggongvirae;Uroviricota;Caudoviricetes	dsDNA	Prokaryote	0.0	49.042847	32.81402	0.0	0.0	69.1987	52.354675	43.655884	46.8266	50.099373	46.132263	48.845345	0.0	39.215755	46.72714
Phycopsis	Phycopsis_contig_7587	7874	No	9	2	0	Low-quality	Genome-fragment	16.33	HMM-based (lower-bound)	1.0		11	0.8001	2	4.2566	Viruses;Duplodnaviria;Heunggongvirae;Uroviricota;Caudoviricetes	dsDNA	Prokaryote	0.0	0.0	0.0	272.07742	0.0	0.0	0.0	46.11082	47.563553	11.687803	0.0	0.0	0.0	34.071163	0.0
Phycopsis	Phycopsis_contig_7629	7057	No	14	2	0	Low-quality	Genome-fragment	10.85	HMM-based (lower-bound)	1.0		11	0.7093	2	2.8432	Viruses;Duplodnaviria;Heunggongvirae;Uroviricota;Caudoviricetes	dsDNA	Prokaryote	0.0	402.88275	195.22345	0.0	0.0	385.48068	349.7965	0.0	337.71857	676.1716	214.26942	296.18497	0.0	185.19044	217.38623
Phycopsis	Phycopsis_contig_7821_28471_37977	9507	Yes	14	1	0	Low-quality	Genome-fragment	20.96	HMM-based (lower-bound)	1.0	28471-37977	11	0.8877	2	9.9741	Viruses;Duplodnaviria;Heunggongvirae;Uroviricota;Caudoviricetes	dsDNA	Prokaryote	0.0	0.0	0.0	0.0	0.0	0.0	0.0	5.171623	7.162482	0.0	0.0	0.0	0.0	1.6125041	0.0
Phycopsis	Phycopsis_contig_7830	11433	No	11	2	1	Low-quality	Genome-fragment	12.68	HMM-based (lower-bound)	1.0		11	0.7581	2	2.653	Viruses;Duplodnaviria;Heunggongvirae;Uroviricota;Caudoviricetes	dsDNA	Prokaryote	0.0	655.8391	315.48843	0.0	0.0	642.9181	451.09344	492.56268	536.03033	460.83304	471.60217	415.43018	0.0	314.76736	533.1374
Phycopsis	Phycopsis_contig_9302	19187	No	20	2	0	Low-quality	Genome-fragment	27.39	HMM-based (lower-bound)	1.0		11	0.9026	2	4.8509	Viruses;Duplodnaviria;Heunggongvirae;Uroviricota;Caudoviricetes	dsDNA	Prokaryote	0.0	31.883148	0.0	0.0	0.0	12.40907	21.091074	0.0	312.81467	68.58944	128.58234	24.233423	0.0	0.0	139.81418
Povisternata	Povisternata_contig_10519	5178	No	8	1	0	Low-quality	Genome-fragment	3.3	HMM-based (lower-bound)	1.14		11	0.8285	0	1.2784	Unclassified	Unknown	Unknown	0.0	2937.8108	1448.7463	739.0044	0.0	2528.989	3451.7422	3237.1643	4384.78	6270.394	2859.72	0.0	0.0	0.0	2614.1616
Povisternata	Povisternata_contig_14296_4900_19489	14590	Yes	20	1	1	Low-quality	Genome-fragment	19.77	HMM-based (lower-bound)	1.01	4900-19489	11	0.7812	7	9.6368	Viruses;Duplodnaviria;Heunggongvirae;Uroviricota;Caudoviricetes	dsDNA	Prokaryote	0.0	79.065834	15.564915	88.6557	0.0	74.3031	0.0	12.183432	26.669426	0.0	0.0	4.169758	0.0	17.336962	0.0
Povisternata	Povisternata_contig_15167	13936	No	32	1	1	Low-quality	Genome-fragment	9.59	HMM-based (lower-bound)	1.0		11	0.9475	1	2.7933	Viruses;Duplodnaviria;Heunggongvirae;Uroviricota;Caudoviricetes	dsDNA	Prokaryote	0.0	38.87978	4.073839	0.0	0.0	3.6350493	0.0	0.0	0.0	0.0	0.0	0.0	0.0	4.675145	0.0
Povisternata	Povisternata_contig_15806	10538	No	13	2	0	Low-quality	Genome-fragment	19.42	HMM-based (lower-bound)	1.0		11	0.8277	1	2.5139	Viruses;Duplodnaviria;Heunggongvirae;Uroviricota;Caudoviricetes	dsDNA	Prokaryote	0.0	24.326155	89.79095	0.0	0.0	47.110355	27.307693	7.177924	0.0	316.13943	0.0	0.0	0.0	80.738205	0.0
Povisternata	Povisternata_contig_16816	21768	No	33	9	0	Low-quality	Genome-fragment	24.55	HMM-based (lower-bound)	1.0		11	0.9696	7	21.3014	Viruses;Duplodnaviria;Heunggongvirae;Uroviricota;Caudoviricetes	dsDNA	Prokaryote	0.0	49.24683	0.0	0.0	0.0	0.0	0.0	0.0	0.0	0.0	0.0	0.0	0.0	0.0	0.0
Povisternata	Povisternata_contig_17673_71_15690	15620	Yes	27	3	1	Low-quality	Genome-fragment	20.54	HMM-based (lower-bound)	1.0	71-15690	11	0.8213	4	14.9282	Viruses;Duplodnaviria;Heunggongvirae;Uroviricota;Caudoviricetes	dsDNA	Prokaryote	0.0	14.919626	0.0	3.450402	0.0	12.323981	4.0300484	7.5059857	0.0	2.6513057	8.279404	2.7819996	0.0	0.0	9.97891
Povisternata	Povisternata_contig_18327	8142	No	8	2	0	Low-quality	Genome-fragment	13.38	HMM-based (lower-bound)	1.0		11	0.9595	4	5.4147	Viruses;Duplodnaviria;Heunggongvirae;Uroviricota;Caudoviricetes	dsDNA	Prokaryote	0.0	30.769207	0.0	0.0	0.0	0.0	0.0	8.825708	0.0	0.0	0.0	0.0	0.0	3.2949684	0.0
Povisternata	Povisternata_contig_19025	24189	No	59	5	0	Low-quality	Genome-fragment	20.18	HMM-based (lower-bound)	1.0		11	0.9598	2	21.3916	Viruses;Duplodnaviria;Heunggongvirae;Uroviricota;Caudoviricetes	dsDNA	Prokaryote	0.0	8.911745	0.0	0.0	0.0	0.0	0.0	0.0	0.0	0.0	0.0	0.0	0.0	0.0	0.0
Povisternata	Povisternata_contig_19151	7443	No	15	1	0	Low-quality	Genome-fragment	11.13	HMM-based (lower-bound)	1.0		11	0.8421	1	1.1438	Viruses;Duplodnaviria;Heunggongvirae;Uroviricota;Caudoviricetes	dsDNA	Prokaryote	0.0	22.700161	5.593652	0.0	0.0	20.4184	0.0	0.0	0.0	0.0	0.0	0.0	0.0	5.664075	0.0
Povisternata	Povisternata_contig_19152	34262	No	74	5	0	Low-quality	Genome-fragment	33.16	HMM-based (lower-bound)	1.01		11	0.9467	0	12.4558	Viruses;Duplodnaviria;Heunggongvirae;Uroviricota;Caudoviricetes	dsDNA	Prokaryote	0.0	20.91565	0.0	0.0	0.0	0.0	0.0	0.0	0.0	0.0	0.0	0.0	0.0	0.0	0.0
Povisternata	Povisternata_contig_19806	7622	No	12	1	0	Low-quality	Genome-fragment	11.4	HMM-based (lower-bound)	1.0		11	0.8588	3	7.8589	Viruses;Duplodnaviria;Heunggongvirae;Uroviricota;Caudoviricetes	dsDNA	Prokaryote	0.0	1479.0776	694.20703	776.63324	131.58499	1250.1677	615.28827	932.3627	1017.8194	306.6854	678.0369	492.01678	0.0	651.1561	735.1269
Povisternata	Povisternata_contig_20470	15993	No	23	1	1	Low-quality	Genome-fragment	9.56	HMM-based (lower-bound)	1.0		11	0.7322	0	2.6225	Viruses;Duplodnaviria;Heunggongvirae;Uroviricota;Caudoviricetes	dsDNA	Prokaryote	0.0	3795.553	0.0	0.0	0.0	1116.2318	0.0	0.0	0.0	0.0	3533.4045	0.0	0.0	0.0	3426.037
Povisternata	Povisternata_contig_20655	10302	No	23	1	0	Low-quality	Genome-fragment	15.41	HMM-based (lower-bound)	1.0		11	0.8536	1	2.5139	Viruses;Duplodnaviria;Heunggongvirae;Uroviricota;Caudoviricetes	dsDNA	Prokaryote	0.0	13.572776	0.0	0.0	0.0	0.0	18.331205	12.114889	0.0	16.079748	0.0	15.606957	0.0	0.0	0.0
Povisternata	Povisternata_contig_20659	9359	No	18	3	0	Low-quality	Genome-fragment	11.35	HMM-based (lower-bound)	1.0		11	0.9236	2	5.5825	Viruses;Duplodnaviria;Heunggongvirae;Uroviricota;Caudoviricetes	dsDNA	Prokaryote	0.0	20.54298	0.0	0.0	0.0	16.238289	8.647813	0.0	7.7954435	0.0	10.097896	14.857941	0.0	0.0	15.778059
Povisternata	Povisternata_contig_20857	15444	No	32	1	0	Low-quality	Genome-fragment	11.37	HMM-based (lower-bound)	1.0		11	0.7092	0	0.0	Unclassified	Unknown	Unknown	0.0	44.89171	0.0	0.0	0.0	4.2641454	0.0	0.0	0.0	0.0	0.0	0.0	0.0	0.0	0.0
Povisternata	Povisternata_contig_21126	10159	No	22	2	0	Low-quality	Genome-fragment	9.33	HMM-based (lower-bound)	1.0		11	0.8704	2	4.5576	Viruses;Duplodnaviria;Heunggongvirae;Uroviricota;Caudoviricetes	dsDNA	Prokaryote	0.0	21.792728	10.804328	0.0	0.0	0.0	0.0	0.0	0.0	17.211985	11.750789	8.98269	0.0	0.0	0.0
Povisternata	Povisternata_contig_21245	22228	No	38	3	0	Low-quality	Genome-fragment	17.63	HMM-based (lower-bound)	1.0		11	0.9276	1	13.4609	Viruses;Duplodnaviria;Heunggongvirae;Uroviricota;Caudoviricetes	dsDNA	Prokaryote	0.0	58.974068	0.0	0.0	0.0	0.0	0.0	0.0	0.0	0.0	0.0	0.0	0.0	0.0	0.0
Povisternata	Povisternata_contig_22374	9685	No	16	1	0	Low-quality	Genome-fragment	11.84	HMM-based (lower-bound)	1.0		11	0.9063	0	2.4842	Viruses;Duplodnaviria;Heunggongvirae;Uroviricota;Caudoviricetes	dsDNA	Prokaryote	0.0	62.562294	0.0	0.0	0.0	0.0	0.0	0.0	0.0	0.0	0.0	0.0	0.0	0.0	0.0
Povisternata	Povisternata_contig_24068	13586	No	27	1	1	Low-quality	Genome-fragment	12.34	HMM-based (lower-bound)	1.0		11	0.7399	0	3.4366	Viruses;Duplodnaviria;Heunggongvirae;Uroviricota;Caudoviricetes	dsDNA	Prokaryote	0.0	10.291972	2.5072732	6.281039	0.0	12.304693	0.0	10.02162	8.234083	0.0	9.518937	0.0	0.0	7.334424	7.246031
Povisternata	Povisternata_contig_24139	34834	No	56	3	2	Low-quality	Genome-fragment	42.59	HMM-based (lower-bound)	1.03		11	0.8131	0	6.4066	Viruses;Duplodnaviria;Heunggongvirae;Uroviricota;Caudoviricetes	dsDNA	Prokaryote	0.0	20.237692	0.0	0.0	0.0	0.0	0.0	0.0	20.106577	0.0	0.0	0.0	0.0	0.0	0.0
Povisternata	Povisternata_contig_24658	7898	No	19	2	0	Low-quality	Genome-fragment	6.47	HMM-based (lower-bound)	1.0		11	0.9638	2	5.9173	Viruses;Duplodnaviria;Heunggongvirae;Uroviricota;Caudoviricetes	dsDNA	Prokaryote	0.0	3.6883478	0.0	0.0	0.0	0.0	0.0	2.3943076	0.0	0.0	0.0	0.0	0.0	0.0	0.0
Povisternata	Povisternata_contig_24938	67859	No	95	13	0	Medium-quality	Genome-fragment	67.49	HMM-based (lower-bound)	1.0		11	0.9754	5	39.5849	Viruses;Duplodnaviria;Heunggongvirae;Uroviricota;Caudoviricetes	dsDNA	Prokaryote	0.0	20.86305	0.0	0.0	0.0	0.0	0.0	0.0	0.0	0.0	0.0	0.0	0.0	0.0	0.0
Povisternata	Povisternata_contig_26158	6480	No	9	1	0	Low-quality	Genome-fragment	9.69	HMM-based (lower-bound)	1.0		11	0.8402	1	2.4642	Viruses;Duplodnaviria;Heunggongvirae;Uroviricota;Caudoviricetes	dsDNA	Prokaryote	0.0	73.72552	0.0	0.0	0.0	0.0	0.0	0.0	0.0	0.0	0.0	0.0	0.0	0.0	0.0
Povisternata	Povisternata_contig_28289	9627	No	15	3	0	Low-quality	Genome-fragment	10.76	HMM-based (lower-bound)	1.0		11	0.9309	1	3.7597	Viruses;Duplodnaviria;Heunggongvirae;Uroviricota;Caudoviricetes	dsDNA	Prokaryote	0.0	13.9192505	0.0	0.0	0.0	6.3144965	0.0	0.0	0.0	0.0	0.0	0.0	0.0	0.0	0.0
Povisternata	Povisternata_contig_28532	51087	No	76	4	0	Low-quality	Genome-fragment	49.46	HMM-based (lower-bound)	1.0		11	0.9358	1	21.414	Viruses;Duplodnaviria;Heunggongvirae;Uroviricota;Caudoviricetes	dsDNA	Prokaryote	0.0	14.597502	0.0	0.0	0.0	0.0	0.0	3.7756076	0.0	0.0	0.0	0.0	0.0	0.0	0.0
Povisternata	Povisternata_contig_28657	20006	No	52	2	0	Low-quality	Genome-fragment	16.85	HMM-based (lower-bound)	1.0		11	0.9525	0	5.6448	Viruses;Duplodnaviria;Heunggongvirae;Uroviricota;Caudoviricetes	dsDNA	Prokaryote	0.0	11.357514	1.3243065	0.0	0.0	0.0	0.0	0.0	0.0	0.0	0.0	0.0	0.0	0.0	0.0
Povisternata	Povisternata_contig_29916	29092	No	48	10	0	Low-quality	Genome-fragment	35.38	HMM-based (lower-bound)	1.0		11	0.9699	3	28.9742	Viruses;Duplodnaviria;Heunggongvirae;Uroviricota;Caudoviricetes	dsDNA	Prokaryote	0.0	91.12064	0.0	0.0	0.0	0.0	0.0	0.0	0.0	0.0	0.0	0.0	0.0	0.0	0.0
Povisternata	Povisternata_contig_30258	9514	No	12	2	0	Low-quality	Genome-fragment	3.56	HMM-based (lower-bound)	1.0		11	0.8782	1	2.2582	Viruses;Duplodnaviria;Heunggongvirae;Uroviricota;Caudoviricetes;Straboviridae	dsDNA	Prokaryote	0.0	50.826935	0.0	0.0	0.0	0.0	0.0	0.0	0.0	0.0	0.0	0.0	0.0	26.18391	0.0
Povisternata	Povisternata_contig_30963	9953	No	14	1	1	Low-quality	Genome-fragment	4.53	HMM-based (lower-bound)	1.0		11	0.7925	0	1.6758	Viruses;Duplodnaviria;Heunggongvirae;Uroviricota;Caudoviricetes	dsDNA	Prokaryote	0.0	55.609447	0.0	0.0	0.0	0.0	39.75502	58.518578	0.0	6.010182	43.47824	0.0	0.0	0.0	35.442554
Povisternata	Povisternata_contig_31067	13380	No	21	6	0	Low-quality	Genome-fragment	12.3	HMM-based (lower-bound)	1.0		11	0.973	1	7.7568	Viruses;Duplodnaviria;Heunggongvirae;Uroviricota;Caudoviricetes	dsDNA	Prokaryote	0.0	6.531518	0.0	0.0	0.0	0.0	0.0	0.0	0.0	0.0	0.0	0.0	0.0	0.0	0.0
Povisternata	Povisternata_contig_31685	56376	No	109	7	2	Medium-quality	Genome-fragment	51.49	HMM-based (lower-bound)	1.04		11	0.9216	2	12.2115	Viruses;Duplodnaviria;Heunggongvirae;Uroviricota;Caudoviricetes	dsDNA	Prokaryote	0.0	15.191548	0.0	0.0	0.0	0.0	0.0	0.0	0.0	0.0	0.0	0.0	0.0	0.0	0.0
Povisternata	Povisternata_contig_31749	8366	No	13	1	0	Low-quality	Genome-fragment	8.79	HMM-based (lower-bound)	1.01		11	0.707	0	0.0	Unclassified	Unknown	Unknown	0.0	73.1224	5.881339	0.0	0.0	0.0	0.0	0.0	0.0	0.0	0.0	0.0	0.0	0.0	0.0
Povisternata	Povisternata_contig_32129_13058_24918	11861	Yes	24	2	0	Low-quality	Genome-fragment	23.03	HMM-based (lower-bound)	1.0	13058-24918	11	0.8319	3	6.8983	Viruses;Duplodnaviria;Heunggongvirae;Uroviricota;Caudoviricetes	dsDNA	Prokaryote	0.0	45.681526	0.0	0.0	0.0	34.594906	0.0	16.899801	0.0	8.146974	0.0	6.9609804	0.0	0.0	0.0
Povisternata	Povisternata_contig_32430	48938	No	88	12	1	Low-quality	Genome-fragment	41.38	HMM-based (lower-bound)	1.0		11	0.9332	2	14.0586	Viruses;Duplodnaviria;Heunggongvirae;Uroviricota;Caudoviricetes	dsDNA	Prokaryote	0.0	15.119468	3.6349828	0.0	0.0	0.0	0.0	0.0	0.0	0.0	0.0	0.0	0.0	0.0	0.0
Povisternata	Povisternata_contig_32829	6466	No	10	2	0	Low-quality	Genome-fragment	5.94	HMM-based (lower-bound)	1.0		11	0.9514	1	2.8256	Viruses;Duplodnaviria;Heunggongvirae;Uroviricota;Caudoviricetes	dsDNA	Prokaryote	0.0	430.6963	286.23578	0.0	0.0	473.2054	454.08875	396.57108	307.65686	352.97528	318.47208	528.9043	0.0	0.0	350.17404
Povisternata	Povisternata_contig_33546	9928	No	16	3	0	Low-quality	Genome-fragment	11.85	HMM-based (lower-bound)	1.0		11	0.934	4	6.1468	Viruses;Duplodnaviria;Heunggongvirae;Uroviricota;Caudoviricetes	dsDNA	Prokaryote	0.0	10.563058	0.0	0.0	0.0	61.740772	0.0	0.0	0.0	0.0	0.0	0.0	0.0	0.0	0.0
Povisternata	Povisternata_contig_33904	15678	No	29	2	0	Low-quality	Genome-fragment	23.62	HMM-based (lower-bound)	1.0		11	0.9737	2	11.5872	Viruses;Duplodnaviria;Heunggongvirae;Uroviricota;Caudoviricetes	dsDNA	Prokaryote	0.0	34.18819	0.0	0.0	0.0	0.0	0.0	0.0	0.0	0.0	0.0	0.0	0.0	0.0	0.0
Povisternata	Povisternata_contig_33905	11425	No	21	1	0	Low-quality	Genome-fragment	14.88	HMM-based (lower-bound)	1.0		11	0.9318	1	10.3021	Unclassified	Unknown	Unknown	0.0	35.696106	0.0	0.0	0.0	0.0	0.0	0.0	0.0	0.0	0.0	0.0	0.0	0.0	0.0
Povisternata	Povisternata_contig_34196	6623	No	12	5	0	Low-quality	Genome-fragment	4.25	HMM-based (lower-bound)	1.0		11	0.7856	0	8.1921	Viruses;Duplodnaviria;Heunggongvirae;Uroviricota;Caudoviricetes	dsDNA	Prokaryote	0.0	14.954542	5.14326	0.0	0.0	0.0	0.0	0.0	0.0	0.0	0.0	0.0	0.0	0.0	0.0
Povisternata	Povisternata_contig_34303	10464	No	21	3	0	Low-quality	Genome-fragment	12.51	HMM-based (lower-bound)	1.0		11	0.8884	3	5.5477	Viruses;Duplodnaviria;Heunggongvirae;Uroviricota;Caudoviricetes	dsDNA	Prokaryote	0.0	67.37001	7.957483	0.0	0.0	0.0	5.156402	0.0	19.057465	6.59617	0.0	0.0	0.0	0.0	0.0
Povisternata	Povisternata_contig_34386	7939	No	11	1	0	Low-quality	Genome-fragment	11.88	HMM-based (lower-bound)	1.0		11	0.9212	1	3.2802	Viruses;Duplodnaviria;Heunggongvirae;Uroviricota;Caudoviricetes	dsDNA	Prokaryote	0.0	62.378098	0.0	0.0	0.0	236.0937	0.0	0.0	0.0	0.0	0.0	0.0	0.0	0.0	0.0
Povisternata	Povisternata_contig_34933	32793	No	49	3	1	Low-quality	Genome-fragment	38.32	HMM-based (lower-bound)	1.0		11	0.95	1	14.4124	Viruses;Duplodnaviria;Heunggongvirae;Uroviricota;Caudoviricetes	dsDNA	Prokaryote	0.0	23.273897	0.0	0.0	0.0	0.0	0.0	0.0	0.0	0.0	0.0	0.0	0.0	0.0	0.0
Povisternata	Povisternata_contig_35038	16010	No	39	3	1	Low-quality	Genome-fragment	27.61	HMM-based (lower-bound)	1.0		11	0.9586	4	20.3918	Viruses;Duplodnaviria;Heunggongvirae;Uroviricota;Caudoviricetes	dsDNA	Prokaryote	0.0	13.828378	0.0	0.0	0.0	9.492452	8.425451	6.61445	0.0	0.0	0.0	4.614192	0.0	0.0	0.0
Povisternata	Povisternata_contig_35107	7502	No	16	6	0	Low-quality	Genome-fragment	6.81	HMM-based (lower-bound)	1.0		11	0.9354	0	1.7183	Viruses;Duplodnaviria;Heunggongvirae;Uroviricota;Caudoviricetes	dsDNA	Prokaryote	0.0	54.362564	0.0	0.0	0.0	0.0	0.0	0.0	0.0	0.0	0.0	0.0	0.0	0.0	0.0
Povisternata	Povisternata_contig_3758	6117	No	14	3	0	Low-quality	Genome-fragment	6.69	HMM-based (lower-bound)	1.0		11	0.9624	4	6.698	Viruses;Duplodnaviria;Heunggongvirae;Uroviricota;Caudoviricetes	dsDNA	Prokaryote	0.0	15.2391405	3.7124748	0.0	0.0	22.3601	4.4103804	16.075405	5.5659404	10.531442	9.757746	6.3935504	0.0	0.0	9.387936
Povisternata	Povisternata_contig_4486	5960	No	14	2	0	Low-quality	Genome-fragment	9.37	HMM-based (lower-bound)	1.0		11	0.9361	2	5.005	Viruses;Duplodnaviria;Heunggongvirae;Uroviricota;Caudoviricetes	dsDNA	Prokaryote	0.0	70.382576	29.21207	27.882067	0.0	51.848	55.073143	48.86203	72.63112	51.728138	56.750458	58.328636	0.0	31.508966	81.21127
Povisternata	Povisternata_contig_5055	12357	No	11	2	0	Low-quality	Genome-fragment	18.17	HMM-based (lower-bound)	1.0		11	0.7639	2	4.3428	Viruses;Duplodnaviria;Heunggongvirae;Uroviricota;Caudoviricetes	dsDNA	Prokaryote	0.0	1840.1975	858.54047	1637.3868	0.0	1780.8413	835.817	1032.358	1158.7875	668.04803	995.0437	691.3669	0.0	734.4343	1064.219
Povisternata	Povisternata_contig_5609	7791	No	14	2	0	Low-quality	Genome-fragment	9.29	HMM-based (lower-bound)	1.0		11	0.7114	3	3.6525	Viruses;Duplodnaviria;Heunggongvirae;Uroviricota;Caudoviricetes	dsDNA	Prokaryote	0.0	420.2639	263.7894	176.97612	0.0	550.7299	376.86276	365.53485	312.7689	295.89856	353.05197	466.84244	0.0	292.1982	403.28873
Povisternata	Povisternata_contig_5714	13455	No	19	1	1	Low-quality	Genome-fragment	19.16	HMM-based (lower-bound)	1.0		11	0.7918	2	5.0229	Viruses;Duplodnaviria;Heunggongvirae;Uroviricota;Caudoviricetes	dsDNA	Prokaryote	0.0	948.71906	470.61197	714.33105	55.37621	917.52997	575.4568	591.4105	412.0977	226.05602	448.78848	495.75006	0.0	392.50922	468.87082
Povisternata	Povisternata_contig_6136	6527	No	8	4	0	Low-quality	Genome-fragment	5.7	HMM-based (lower-bound)	1.06		11	0.9758	1	6.8731	Viruses;Duplodnaviria;Heunggongvirae;Uroviricota;Caudoviricetes	dsDNA	Prokaryote	0.0	0.0	0.0	0.0	0.0	0.0	0.0	0.0	0.0	0.0	0.0	0.6657704	0.0	0.0	0.0
Povisternata	Povisternata_contig_6703	9515	No	14	2	0	Low-quality	Genome-fragment	6.58	HMM-based (lower-bound)	1.0		11	0.8832	2	7.028	Viruses;Duplodnaviria;Heunggongvirae;Uroviricota;Caudoviricetes	dsDNA	Prokaryote	0.0	25.71695	11.1378145	0.0	0.0	23.425688	0.0	0.0	0.0	10.155675	10.977848	0.0	0.0	14.903122	0.0
Povisternata	Povisternata_contig_6715	7379	No	16	1	1	Low-quality	Genome-fragment	8.49	HMM-based (lower-bound)	1.0		11	0.8695	3	5.344	Viruses;Duplodnaviria;Heunggongvirae;Uroviricota;Caudoviricetes	dsDNA	Prokaryote	0.0	35.529896	15.900653	0.0	0.0	44.62357	32.90482	14.863721	22.410957	20.578547	0.0	25.322643	0.0	11.945784	15.564711
Povisternata	Povisternata_contig_7548	7282	No	15	3	0	Low-quality	Genome-fragment	9.52	HMM-based (lower-bound)	1.0		11	0.9467	2	5.3128	Viruses;Duplodnaviria;Heunggongvirae;Uroviricota;Caudoviricetes	dsDNA	Prokaryote	0.0	988.0871	518.19745	115.334816	0.0	1245.9293	858.89435	551.05096	591.11444	760.80634	632.5095	931.516	0.0	559.9836	767.19714
Povisternata	Povisternata_contig_7633	7839	No	14	2	0	Low-quality	Genome-fragment	9.51	HMM-based (lower-bound)	1.0		11	0.8958	2	2.75	Viruses;Duplodnaviria;Heunggongvirae;Uroviricota;Caudoviricetes	dsDNA	Prokaryote	0.0	1015.9838	466.89212	0.0	0.0	1063.6962	0.0	0.0	0.0	776.01324	0.0	977.85846	0.0	457.61423	0.0
Povisternata	Povisternata_contig_7786	9616	No	11	2	0	Low-quality	Genome-fragment	20.7	AAI-based (medium-confidence)	1.02		11	0.7931	2	5.125	Viruses;Duplodnaviria;Heunggongvirae;Uroviricota;Caudoviricetes	dsDNA	Prokaryote	0.0	35.14087	21.64806	14.478939	0.0	38.45713	0.0	11.01262	9.10452	11.484579	17.586975	12.653238	0.0	17.137928	21.328293
Povisternata	Povisternata_contig_7852	12938	No	30	7	0	Low-quality	Genome-fragment	9.26	HMM-based (lower-bound)	1.0		11	0.9537	4	9.6776	Viruses;Duplodnaviria;Heunggongvirae;Uroviricota;Caudoviricetes	dsDNA	Prokaryote	0.0	36.02482	17.259796	0.0	0.0	26.625036	22.58965	20.170145	23.683855	20.628096	33.447124	32.915237	0.0	17.18087	41.849216
Povisternata	Povisternata_contig_8488	7482	No	16	2	1	Low-quality	Genome-fragment	9.68	HMM-based (lower-bound)	1.0		11	0.9676	1	4.2786	Viruses;Duplodnaviria;Heunggongvirae;Uroviricota;Caudoviricetes	dsDNA	Prokaryote	0.0	14.794996	5.0586314	0.0	0.0	8.801852	7.8124795	6.065835	0.0	6.1500773	5.9831724	11.035042	0.0	7.6834784	0.0
Povisternata	Povisternata_contig_8717_3_16136	16134	Yes	23	3	1	Low-quality	Genome-fragment	33.95	AAI-based (medium-confidence)	1.0	3-16136	11	0.886	7	19.0478	Viruses;Duplodnaviria;Heunggongvirae;Uroviricota;Caudoviricetes	dsDNA	Prokaryote	0.0	20.944254	7.9760447	3.0621057	2.6473281	15.69916	12.819736	13.596057	10.852741	11.978586	18.497623	13.736188	0.0	13.302409	18.813528
Povisternata	Povisternata_contig_9884	16877	No	23	6	0	Low-quality	Genome-fragment	23.65	HMM-based (lower-bound)	1.0		11	0.9596	6	13.6702	Viruses;Duplodnaviria;Heunggongvirae;Uroviricota;Caudoviricetes	dsDNA	Prokaryote	0.0	14.498832	0.0	0.0	0.0	0.0	0.0	6.274655	0.0	0.0	0.0	0.0	0.0	0.0	0.0